precipitation,temperature,relative_humidity,wind_direction,wind_speed,cell_id,quarter,burn_value
0.10431158340797,-5.187595594168496,80.75689959357192,166.1950387834766,10.271269391242178,1,1,0.0
0.0609799510650337,-3.383520308243986,73.50772786345391,220.6995578116693,8.261369755494007,2,1,0.0
0.0383239889900761,-0.6311115034402336,72.62274447402095,163.2762629318131,5.044251010159355,3,1,0.0
0.0376171649948858,-3.158407734855945,73.50772786345391,220.6995578116693,8.261369755494007,4,1,0.0
0.0677367282310597,-4.389699047839171,82.87682468528368,159.65045656008078,5.786059969006334,5,1,0.0
0.1022033187695838,-3.425849000397193,89.57889800962091,122.65316209894526,5.765309038351209,6,1,0.0
0.055679836257693,-6.419952889945971,82.56654610277964,180.14102403857746,7.713384717569467,7,1,0.0
0.0598200136295424,-2.947757301760547,76.93604998587301,151.4069434423369,7.191758912996616,8,1,0.0
0.0456043956043956,-1.2954212454212457,75.3827838827839,172.91208791208788,5.656089743589742,9,1,0.0
0.0662571229546797,-5.250741447615164,78.78955990132539,183.75088977111085,5.407459734930355,10,1,0.0
0.0002831524303916,-5.456356742947136,82.9290396423973,148.49551101973324,3.730852277904892,11,1,0.0
0.1022033187695838,-3.425849000397193,89.57889800962091,122.65316209894526,5.765309038351209,12,1,0.0
0.0524999291135611,-5.608327071039689,82.42034455583806,161.36625157929768,7.440466771204266,13,1,0.0
0.0514461294297737,-3.4291951658318536,79.25076774827193,125.21557006177008,6.685303036480804,14,1,0.0
0.0551802638875771,-1.204705275826789,76.77959799862775,5.217689176397048,6.20418885992494,15,1,0.0
0.0466495509652311,-3.187530473589172,79.76287262809792,133.64444533202635,5.088789149836259,16,1,0.0
0.0586666035259416,-4.215843711773754,84.05771981717471,153.18640291764802,4.837244046004456,17,1,0.0
0.0561364303830289,-3.870877799826618,85.81377312245782,142.99824063316044,4.647172149695822,18,1,0.0
0.0493200219694292,-4.796701252133408,82.27414300889646,142.59147912001794,7.167548824839064,19,1,0.0
0.0478533594533042,-3.4097975296018466,76.50946262255003,103.3996149956633,6.588598391393592,20,1,0.0
0.053546130306441,-2.599859115501202,75.76806194279705,119.28371987288185,6.609973638736811,21,1,0.0
0.0625004727885094,-2.100672980597929,80.58764022787351,117.76917723629111,5.960406186541676,22,1,0.0
0.0659228199491113,-2.7304276561355243,84.93338171535528,157.8460487808028,4.445355132831366,23,1,0.0
0.0329614099745556,-3.952255580466282,84.96422112584847,176.32508842603642,3.5049373299117352,24,1,0.0
0.0447104375676837,-4.824347588777053,78.22723126822717,166.90069926659646,5.918481359001639,25,1,0.0
0.0390597925029062,-4.227986060845343,70.4746468601259,162.3896766905749,6.39405748941677,26,1,0.0
0.0554197017877055,-3.996821586501597,78.63133696406835,171.32437129117216,6.0475650889898205,27,1,0.0
0.0663983345288398,-2.366886009831474,80.0499409696375,190.24379375167356,7.231674566868724,28,1,0.0
0.0560842554383268,-3.660462462894828,83.15214198632088,174.1718084603761,5.025304534886403,29,1,0.0
0.0,-5.17408350479704,84.99506053634167,194.80412807127,2.564519526992105,30,1,0.0
0.0662571229546797,-5.250741447615164,78.78955990132539,183.75088977111085,5.407459734930355,31,1,0.0
0.0242048128437197,-5.021961594514298,81.37057530256094,178.8707514846821,4.704859386820368,32,1,0.0
0.0554197017877055,-3.996821586501597,78.63133696406835,171.32437129117216,6.0475650889898205,33,1,0.01
0.0920158672753562,-4.370452680815271,82.63018472394909,153.79326323775808,5.859668912853418,34,1,0.0
0.052804733934732,-3.9704740651479287,82.55839540997609,179.6137283535672,5.218621002238083,35,1,0.0
0.0,-5.17408350479704,84.99506053634167,194.80412807127,2.564519526992105,36,1,0.0
0.1217310090509436,6.066271829676221,70.88974052499782,186.88070931999383,10.9970759471301,1,2,0.0
0.0789569873133075,10.149119230861205,56.8898895286028,194.7817261505662,7.600655278400307,2,2,0.55
0.0613970425299007,13.895787171377542,57.93500234952741,179.1238824499029,5.880734540164609,3,2,0.01
0.1058353614716205,10.978646476116124,56.8898895286028,194.7817261505662,7.600655278400307,4,2,0.0
0.1233649577977896,9.354072778261855,67.13958103430073,166.43343276384448,6.607735631427785,5,2,0.8
0.0966506543102287,10.515843939748196,70.83830382383573,138.80258688120392,7.611581531943234,6,2,0.0
0.0709140168865052,7.000222422855127,66.5149579479838,226.31255685035677,9.137868602016251,7,2,0.0
0.0653811239371458,10.952541531547093,60.7718746190317,189.294389288922,8.93372830488199,8,2,0.04
0.0617858807858807,13.634195499535924,54.08620269801121,165.40675597452193,6.170470501130075,9,2,2.03
0.1033806634682861,8.40567689394783,68.16208171092669,187.91443501353143,6.195168343550913,10,2,0.02
0.1967778591024147,7.978926339603199,68.96932628430267,171.86582889271688,4.019691471301238,11,2,0.0
0.0966506543102287,10.515843939748196,70.83830382383573,138.80258688120392,7.611581531943234,12,2,0.0
0.0492178250792105,8.695229109811184,65.13887900989839,158.1073416445795,10.36764197831176,13,2,0.0
0.0123450060057285,11.281633275782491,59.96512069556096,186.4473100697816,15.540267505384168,14,2,0.01
0.0641137883639162,13.837138990055244,59.12220858853796,186.10778420733052,7.209025759948412,15,2,0.04
0.1010367769498757,11.262345703185392,63.5429381029202,178.0917476324642,6.14618060894689,16,2,1.04
0.1189837174774526,9.839059491520995,68.83614576297188,169.43669621541812,6.240747078899801,17,2,0.0
0.1241847354805081,10.316853690712051,69.06083378032027,163.27744994938033,6.255939990682765,18,2,0.0
0.0643944523453979,7.80383163079593,68.93655838615038,61.56215801360013,6.424789827534865,19,2,0.01
0.057190567605405,10.59418316911554,62.539236014488026,154.83476925184524,8.93700876629356,20,2,0.1
0.0644807738737483,11.895856523061449,61.96229365764333,184.43575428516976,8.930148393448926,21,2,0.01
0.0677559137288661,13.73893459480078,63.46940685953516,176.14169842529407,6.287950369040992,22,2,4.7
0.0791256930288809,12.45579079278476,67.37487123282243,179.16393407422018,7.136546968803819,23,2,0.02
0.0877127318076551,11.903469670440948,67.11153353828887,179.70816979902952,5.293157371779814,24,2,0.0
0.0848320502547281,8.748841498358201,66.49290742658953,158.18225901775693,6.121437487855627,25,2,0.02
0.0879090237065775,9.454128779828483,62.13305638770284,185.22182471666864,6.573951972306796,26,2,0.0
0.0877147711212657,10.18106025227338,66.11550813447893,183.2565575117892,6.388070089003827,27,2,0.01
0.0935552774187712,13.010525046579575,66.62878895877158,179.9660981468983,6.397348336156327,28,2,0.01
0.0342288961038961,15.65228354978355,60.751758658008654,159.3289772727273,4.408880411255412,29,2,0.0
0.1497836062901884,7.602334668754523,73.20797072403549,200.631598050141,4.3340447352802105,30,2,0.0
0.10200879078212,8.415723135932144,68.7977573275217,188.61575558361787,5.61652097710709,31,2,0.82
0.085015934184817,9.32168244687625,66.10425760498318,197.32929775714112,5.87048717447376,32,2,0.0
0.0877147711212657,10.18106025227338,66.11550813447893,183.2565575117892,6.388070089003827,33,2,0.02
0.0843788491748973,8.937904735809203,69.5959295864581,170.50900942644867,6.710492873078427,34,2,1.1
0.0904866572469382,11.300762000231714,67.54611198181846,177.60892072405383,5.462691588942594,35,2,0.0
0.0920062511970422,11.627309109269037,66.97986469102207,179.98028766143415,4.371462573267811,36,2,0.02
0.0120487048056992,13.887225657502553,51.50211452768389,198.65074258128047,12.65821962659615,1,3,0.82
0.0071904954857829,17.859656906353106,37.5787299028317,204.2494915940059,8.428571428571429,2,3,4015.05
0.0040449725208891,21.239173862322676,38.873564818838005,178.99774979393962,5.728610007294406,3,3,35.82
0.0090203278591992,18.521316079090813,37.5787299028317,204.2494915940059,8.428571428571429,4,3,0.01
0.0147606739616949,16.8570284144729,45.9064105939726,165.44218026908834,7.101584714002091,5,3,0.0
0.0156721782890007,17.99641119125303,47.72709273113659,120.9816704982054,8.160219971138375,6,3,2500.3
0.0083303049694135,14.90142892693216,47.93373610573467,240.69852637178303,9.372894003312767,7,3,0.0
0.0064035008983756,17.73156443812603,43.48894746918906,194.1739023119542,9.221931581543728,8,3,2.88
0.0043379996471297,21.41079917865504,36.2721975783622,147.51564874138563,6.182007008687454,9,3,2.81
0.0103589808079244,15.43906863270352,50.03285020775541,202.4234985851996,7.040216397001337,10,3,465.03
0.0173393584608537,15.996222642682026,46.46628739700271,178.57457016982536,3.7186958021609353,11,3,0.0
0.0156721782890007,17.99641119125303,47.72709273113659,120.9816704982054,8.160219971138375,12,3,0.06
0.0076438795607847,14.570015411875596,49.890185158142366,205.9301957720964,10.094515729068023,13,3,0.0
0.0033473863662542,13.459860981523718,52.76674038749511,186.0130313083143,14.757897199760407,14,3,1.19
0.0063116370808678,21.490898021820023,39.49554896337786,203.0921257929705,7.42532179658348,15,3,56.25
0.0094748029319532,18.75376795084504,43.92728069322866,181.8083071963088,6.193876836569195,16,3,0.09
0.0130991390551923,17.215888436250786,47.89893741388496,169.85385798634832,6.3805688371783535,17,3,0.01
0.014012525137615,17.808161704099877,47.18763314926147,158.99731112006452,6.16068631723736,18,3,0.07
0.0112539473466863,15.34875632717091,48.970078981197325,191.0790296361918,6.152755984130895,19,3,0.0
0.0074661213426931,16.64243819185319,47.002685943207226,190.54574343651467,8.733190907739205,20,3,4.66
0.0061461116734742,17.568137143875436,47.8054755419906,193.6388007304369,8.440119086348279,21,3,0.02
0.0100961759005432,19.677023865482703,46.77301801810698,188.13250178410132,5.870736165643607,22,3,4.91
0.0090260386629904,19.431851278364576,47.36951931964513,177.43569269216283,6.603143178412769,23,3,0.04
0.0150068715578221,17.74671576514262,49.091062659789294,188.60266465785435,5.780147135914944,24,3,0.0
0.0099015431129567,15.848727659581732,49.04226498253259,200.17805472039947,6.104477625089292,25,3,0.43
0.0089515145769638,16.27023743689811,46.778375440758616,181.99878700858213,6.596788650482036,26,3,150.05
0.0117629449509941,17.00626152199074,49.58929246061856,198.1367870399311,6.029436912895902,27,3,0.0
0.0059739086698108,19.051552135259897,52.18123737633084,203.45125881188068,4.980468698567189,28,3,0.23
0.0190731191885038,18.733794026486333,48.045766413074105,168.55092983939136,4.4740109890109885,29,3,1.38
0.016921456821972,15.074501990576955,51.85790224664866,219.82137144200885,6.263287240321072,30,3,0.0
0.0098104507522192,15.512305394701151,50.68776086721809,212.5937627553372,5.64174997959146,31,3,2.39
0.0095902597759576,16.26361147955675,49.73284464095636,215.04063948148672,6.0266158861527765,32,3,0.04
0.0117629449509941,17.00626152199074,49.58929246061856,198.1367870399311,6.029436912895902,33,3,1.73
0.0225360967812441,16.4396450362482,49.66471238442841,192.05646285777487,6.513874416381606,34,3,8.11
0.0161261453653827,17.324873297142847,50.437404605120506,195.97000573776396,5.557910336070215,35,3,0.15
0.0179972880052379,16.904148008531642,49.95183432986138,194.18615064070008,5.368649114666031,36,3,3.64
0.1130113970822292,-1.9034667908119327,76.23118321654923,180.87110175401264,9.69553541578896,1,4,0.0
0.0569492127726531,-0.0983169913293893,71.4410642340284,224.2375338763337,8.741134513231925,2,4,0.0
0.0228390991724325,2.690819426057698,72.82820008124297,148.07385789096992,4.906316297822863,3,4,0.0
0.0377903517675045,-0.1233452592331029,71.4410642340284,224.2375338763337,8.741134513231925,4,4,0.0
0.0592283831039621,-1.814384343554705,81.87302496565995,156.52359648570152,5.462433598113213,5,4,0.0
0.0738558541481981,-1.0141847208520096,84.56305512495595,115.16702921226502,5.05855929777058,6,4,0.0
0.0528258710578177,-3.2255880700880137,82.90320457310274,210.729917250141,7.812625584051949,7,4,0.0
0.0533298956402445,0.4365739037651057,76.26868522574127,192.565093451536,7.823839029856144,8,4,6.03
0.0391204837781332,2.044967469524692,74.33084132372913,173.12942313837252,6.104760432459524,9,4,0.0
0.0543752062928345,-2.3068271435268937,85.33628256863236,178.3470281515589,5.544696260765442,10,4,0.01
0.0348266178266178,-2.922340788987908,83.46166777572708,149.69936197608496,2.909218621027537,11,4,0.5
0.0738558541481981,-1.0141847208520096,84.56305512495595,115.16702921226502,5.05855929777058,12,4,0.0
0.0505736695202299,-1.4637277180757582,80.44709510642242,187.3590411181252,8.285916048109188,13,4,0.0
0.0491918137834085,1.010380074341748,79.07411004073559,189.0385191445812,10.692364935763097,14,4,0.0
0.0429907089674461,2.002331313566444,77.07219311080078,221.87530110634103,6.814136029874687,15,4,0.0
0.0426146875916511,-0.1338736802868474,81.72413141131675,175.58280384067672,5.095377820409793,16,4,0.01
0.0512045248402186,-1.4327129763443456,85.44516943675245,149.51908104273377,4.404137984371332,17,4,0.0
0.05014763102268,-1.141341587283496,85.48146505945914,139.90976533979205,4.023951892239963,18,4,0.0
0.0497033237194637,-2.1759751584810094,79.36397070542897,162.30868695965344,6.352757624512517,19,4,0.0
0.0463098366117854,-0.1897533616607464,77.71748375527801,180.139402335809,7.39944839930936,20,4,0.11
0.037142095836596,0.596294661535154,78.66971753627737,186.73625790572555,7.496571144447725,21,4,0.0
0.0423067168256881,1.8384865274638948,85.29091502670263,187.1979294435224,5.114229956079965,22,4,0.01
0.041760421093224,0.5125007479894291,88.4196722776944,154.86290483102613,4.104077757921771,23,4,0.0
0.0667823133327856,0.5065109715310058,89.90801591294276,176.91221172045107,3.183705595670483,24,4,0.0
0.0494626118697798,-1.9956707703194971,80.55212249660153,171.28917261429345,5.414417892840627,25,4,0.0
0.0433534999768234,-1.5957496760701677,75.35966116414673,147.33510213266032,5.738535007087142,26,4,0.01
0.0385016677407861,-1.05193601877368,81.30521202525699,174.63925070904463,5.521184242068689,27,4,0.01
0.013032360618706,0.968216934302592,83.17290582942643,188.6961092393196,6.741248605065972,28,4,0.01
0.0714433766233766,3.870897113997114,92.4988888888889,183.35740259740257,2.797457431457432,29,4,0.0
0.0871431422817564,-2.863864947393526,88.805486572245,192.51632773292448,2.6495815976322463,30,4,0.0
0.0511550957440932,-2.391424337250643,85.49733750890238,180.7667978177566,5.006874588021916,31,4,0.0
0.0536385280387387,-1.8195339094761696,81.98752060792806,194.74610354710344,4.559504351740931,32,4,0.0
0.0385016677407861,-1.05193601877368,81.30521202525699,174.63925070904463,5.521184242068689,33,4,0.0
0.0439822823288762,-1.7606774238509753,84.70076049952678,167.77968791709526,5.045449004380714,34,4,0.0
0.0539002904631788,0.0536429192638012,87.29451044752177,183.0873818716855,4.308434159634091,35,4,0.0
0.0792932594525665,0.5035160833017942,90.65218773056696,187.9368651651635,2.723519514544839,36,4,0.0
0.1761597572167169,-4.196716764975258,80.45477306407635,182.5892030344842,10.679138971417784,1,5,0.0
0.0759077038762065,-2.4808168869958718,75.16717476041494,218.2987429267317,7.120751643916307,2,5,0.0
0.0,0.4174776819986401,75.53931577838112,158.85729138950956,4.673431064292819,3,5,0.0
0.0346863092790776,-2.202786407049005,75.16717476041494,218.2987429267317,7.120751643916307,4,5,0.0
0.0530736331882237,-2.890387234648018,80.97497175994847,161.3185366629009,5.285083590549516,5,5,0.0
0.0703027227832706,-1.760355637823768,81.66444572863371,124.12646354831465,5.818654954198773,6,5,0.0
0.0604149083581523,-4.956242817756746,81.90441870678137,214.14544656506385,8.396090690096157,7,5,0.0
0.0764986553834809,-2.0594447727464607,78.25187673728793,191.7510183775925,6.954030468836348,8,5,0.0
0.0670561499299569,-1.1877856472501225,79.38229808073392,164.50184462644697,4.882280664133793,9,5,0.0
0.0716890871863535,-3.9158296283686806,84.96935929860298,187.6007376074416,4.382127670125588,10,5,0.0
0.0,-4.125008034575855,81.40943328345699,152.44027568370186,3.285228730308137,11,5,0.0
0.0703027227832706,-1.760355637823768,81.66444572863371,124.12646354831465,5.818654954198773,12,5,0.0
0.0700940798747711,-4.644903663571247,79.92657474504696,183.87088311899092,7.470034854949223,13,5,0.0
0.0715266927730194,-2.7128873225353587,79.07468190104194,186.08929814693693,6.448710038298365,14,5,0.0
0.0788624614125785,-0.3739563157488175,77.06328003333992,212.1135817233188,5.972489779161219,15,5,0.0
0.0641484355601761,-2.3774102448478027,81.99509706762967,174.18611001879768,4.41896670739951,16,5,0.0
0.061281572310404,-3.02141622476596,83.79858823817706,154.6103968231343,4.264679511975328,17,5,0.0
0.0578124006850875,-2.7232784235650533,83.40833121803507,143.61361656169854,4.225530125925242,18,5,0.0
0.07977325139139,-4.333564509385747,77.94873078331254,153.59631967291804,6.54397901980229,19,5,0.0
0.0770668381212474,-2.6999623323197866,76.60982396226433,179.2178621557383,6.371847795390249,20,5,0.0
0.0754570705577117,-1.770815399369211,77.88115641019978,193.03905270670063,6.2672724049030135,21,5,0.0
0.0856469631284511,-1.4015172081927914,81.99237426749112,187.14919450073435,5.258483106923539,22,5,0.0
0.1031344792719919,-2.2844715982955366,87.15111464201453,154.27411045307912,3.572706693268814,23,5,0.0
0.0515672396359959,-2.503509105565441,87.61378447959629,167.12399124419258,3.093143939966573,24,5,0.0
0.0649487525062911,-3.876117221270796,79.7105663720224,174.80839005092787,5.53007555943252,25,5,0.01
0.0725648015597736,-3.3923661718247957,74.81746107014054,171.94368507097806,6.599074587207237,26,5,0.0
0.0697528623779333,-3.157653750996346,80.3866110256656,176.42012259819543,5.794474734331184,27,5,0.0
0.0749439487007828,-1.5461237105340204,81.76272812711889,195.05989132580515,6.2302528483405855,28,5,0.0
0.0684533143340761,-2.595639616946877,85.21245941392023,170.4729924894538,4.5424978173639206,29,5,0.0
0.0,-2.722546612835345,88.07645431717803,179.97387203530604,2.613581186664331,30,5,0.0
0.0716890871863535,-3.915829628368681,84.96935929860298,187.6007376074416,4.382127670125588,31,5,0.01
0.0357678698876473,-3.862708575503963,81.10671433603352,186.09281785237368,4.595120960594965,32,5,0.0
0.0697528623779333,-3.157653750996346,80.3866110256656,176.42012259819543,5.794474734331184,33,5,0.0
0.0957348293635296,-3.8294165461226046,83.85954056936946,152.58409614362486,5.7534505411819525,34,5,0.0
0.0568929260214375,-2.6993622898306566,84.56624100455547,175.87261983491203,4.865761525395623,35,5,0.0
0.0,-2.722546612835345,88.07645431717803,179.97387203530604,2.613581186664331,36,5,0.0
0.099355087132547,4.520265840185749,73.09518790705862,201.42336961760589,10.555420009052732,1,6,0.2
0.0541835461617565,10.561866853250988,51.44619972865592,197.99628593976595,7.8321298041040786,2,6,6.01
0.0526337435020069,14.829619332763048,52.02498848456933,176.81441512579235,5.9634242504002986,3,6,0.22
0.0638267421201553,11.910824487468265,51.44619972865592,197.99628593976595,7.8321298041040786,4,6,0.01
0.0733117099135063,10.03601148461037,62.23529524125486,164.22188413492324,5.570555103457153,5,6,0.0
0.0553724053724053,11.187150782964924,63.90107026484272,127.2903239183947,7.408700784305344,6,6,0.0
0.0445741579430722,7.853647995456769,61.302154410719886,230.46687310996737,9.595904607412027,7,6,0.0
0.0529528995294797,11.385222957716492,56.64796700082699,195.7938431171558,8.00628854265397,8,6,0.84
0.0201711960693996,15.043934244598384,48.32912226926205,162.61183415263633,6.859818332389578,9,6,7.28
0.0740771204843061,9.174294147781918,65.81113750335054,196.25009015308927,1.6295252064319858,10,6,0.0
0.1084249084249084,8.59545022472971,66.1169984445824,172.2823967449716,3.5737189381390118,11,6,0.0
0.0553724053724053,11.187150782964924,63.90107026484272,127.2903239183947,7.408700784305344,12,6,0.0
0.0569388394339682,8.028622884268211,62.320481494932494,209.4436914688997,7.845610823864461,13,6,0.02
0.0455197969844272,11.444956847178329,56.6650586159558,196.73737446190063,7.4455185581709,14,6,0.0
0.0480303130003728,14.678647375578512,53.69014920469619,205.45028075716692,7.231034252565103,15,6,0.02
0.0542594298582322,11.172041619444856,64.00567152443857,199.5188889291832,5.207460210371679,16,6,0.03
0.0625454950904052,9.699363775891433,69.18316558750317,191.26830851673807,4.912521892316148,17,6,0.0
0.0795501183225734,10.855127291510795,65.08752839033582,159.19715081020038,5.950125829410488,18,6,0.0
0.0693035209248641,8.203597773079654,63.338808579145095,188.42050982783195,6.095317040316894,19,6,0.22
0.0647947732237916,11.041778965087206,59.17013462466101,194.0332723775291,6.56379604576949,20,6,0.0
0.0450297684611665,11.24750812013006,66.02250168421172,217.9512714918027,6.209885375367229,21,6,0.0
0.0,6.757142857142857,84.84210526315789,282.5,5.082706766917291,22,6,0.63
0.0748530411704064,12.782780866837754,65.24451646158234,178.01873176723478,6.867957765787106,23,6,0.02
0.1055068645464776,10.510343526206857,68.16798664776474,186.1484727080075,5.229007901658343,24,6,0.01
0.0938682524734332,9.381750989212405,63.76266700632918,195.3393851619555,4.957781498705602,25,6,3.12
0.0770504857461379,10.243091746603453,60.48144609014174,188.2290265475884,6.365036844426475,26,6,0.02
0.0775214242848172,10.111896027166122,68.35679233087919,212.0823388458205,5.941333750867389,27,6,0.04
0.0550382750981553,13.311150501195412,65.07630617885108,195.62577866245528,6.160763637560046,28,6,4.4
0.0733056964064957,10.286211030451252,70.44384260142087,207.2043397956433,5.611680161916022,29,6,0.01
0.1361606879225488,8.237906185575955,71.09145683394712,194.2782136487802,3.5900580375295794,30,6,0.0
0.0740771204843061,9.174294147781918,65.81113750335054,196.25009015308927,1.6295252064319858,31,6,0.0
0.1550418827384248,9.90602028938459,65.41927585267935,208.45791411931245,5.741246903647052,32,6,298.04
0.0969017803560216,10.950584319671936,64.23546409780953,194.4779235572756,6.155990496854914,33,6,0.02
0.1004764778413683,10.342074741504293,65.96482826956593,185.59897489974628,6.356914601786082,34,6,0.01
0.0972251469540241,10.630377142758553,67.37753042745472,191.8343224036606,5.369245425625235,35,6,0.0
0.1361606879225488,8.237906185575955,71.09145683394712,194.2782136487802,3.5900580375295794,36,6,0.0
0.1215367965367965,13.021013708513708,57.379329004329,197.44083694083693,4.952453102453102,1,7,0.2
0.058071928071928,16.054207806082804,45.64638853069566,206.48278326409323,7.8741760703392,2,7,2370.85
0.0225274725274725,19.35068681318681,47.69642857142856,174.73809523809524,5.448489010989011,3,7,16.24
0.0366163003663003,16.333672785547783,45.64638853069566,206.48278326409323,7.8741760703392,4,7,1.25
0.0428938280594907,14.997928665210292,55.16412368345499,163.5055696277955,5.803849402690462,5,7,0.22
0.0396795975109228,16.470697074010328,53.71463325830796,115.49071009311976,7.533684738955822,6,7,1096.0
0.0565018315018315,12.911446886446887,57.14789377289378,237.5915750915751,9.149496336996338,7,7,5.22
0.0538201798201798,16.651525585525583,51.17055470960589,192.21554176242677,6.7004123601895484,8,7,4107.19
0.0317216117216117,18.93368381618381,48.86345321345322,134.97814685314685,6.132713120213121,9,7,10.83
0.0456959706959706,13.592445054945054,61.66529304029305,208.3736263736264,2.672939560439561,10,7,1.85
0.0465201465201465,13.457875457875456,61.07967032967032,171.6900183150183,3.4047619047619047,11,7,0.04
0.0396795975109228,16.470697074010328,53.71463325830796,115.49071009311976,7.533684738955822,12,7,0.0
0.0627747252747252,13.006341575091575,58.13049450549452,209.0723443223443,7.473443223443224,13,7,9.8
0.0485210622710622,15.996790917415916,53.85356934731935,188.79616217116217,6.931186521811522,14,7,1.93
0.0368131868131868,19.040796703296703,50.28983516483516,202.0618131868132,6.64514652014652,15,7,0.15
0.0373840048840048,15.362611832611831,58.70465367965368,189.73132423132424,5.439914946164947,16,7,14.65
0.0390897656560307,14.134377510040158,61.357853391588336,183.367739088221,5.479062955117172,17,7,1717.81
0.0499176191947276,15.561615141886229,59.32368117157273,154.77727576974567,5.71136560895597,18,7,0.02
0.069047619047619,13.10123626373626,59.113095238095255,180.55311355311352,5.79739010989011,19,7,1.8
0.0567515483178133,15.225907843829528,57.31470387042677,179.01700023537373,6.156200075025377,20,7,323.25
0.0404075937214079,14.808357856135473,61.32211398198858,199.533558755346,6.341278740908922,21,7,1.33
0.0,10.39459706959707,67.15293040293041,244.13324175824172,7.588278388278389,22,7,4.14
0.0635531135531135,16.75627289377289,63.17673992673993,177.15109890109892,6.195650183150183,23,7,606.57
0.0726354982343006,14.699854137878088,67.50312287512887,194.8954618236056,4.916644869601456,24,7,788.62
0.0587187465856207,13.525465463053532,62.155825176570914,191.2321651376809,4.960598875242517,25,7,1090.25
0.0643938390926342,13.535690564455622,62.54118120834988,154.43607396619444,6.026063595039498,26,7,0.03
0.0563368526200873,13.573138520423566,65.63365141544747,207.8259293998166,5.965357464837629,27,7,0.24
0.0604233489798106,16.262347087192488,65.30450915183886,197.50310611013472,5.10562646017128,28,7,0.43
0.0613647725940289,13.971444068868236,67.06591807991995,210.5837300044621,5.657602246550132,29,7,3956.37
0.0817178829154877,12.643435381983284,71.8295058235178,212.63982474611217,3.6376395560527297,30,7,192.23
0.0456959706959706,13.592445054945054,61.66529304029305,208.3736263736264,2.672939560439561,31,7,0.88
0.0557375575062589,13.872489969077195,65.3037312195455,221.56584665778928,5.3460022356008965,32,7,1.55
0.0704210657751092,14.36777388313019,65.25383166857675,198.74910131021036,5.559627233977439,33,7,0.05
0.1011295175217331,13.800567911795458,67.86590509457277,221.4913785067228,5.760816645098083,34,7,0.83
0.0810902498056771,14.23545012699041,68.33330668997648,210.54476978765655,4.834694220440697,35,7,12.6
0.0817178829154877,12.643435381983284,71.8295058235178,212.63982474611217,3.6376395560527297,36,7,230.86
0.0578478780995731,-1.506524477850757,77.60236662864932,212.799139608473,7.738749446902591,1,8,0.0
0.0512092791577073,2.054376741674872,73.3984262039657,219.49459916643016,8.124905815354285,2,8,0.0
0.0407445109510036,4.082546139395841,74.37939648872462,148.22042653257984,4.704369384981158,3,8,0.0
0.0531811666519905,1.3815647527939494,73.3984262039657,219.49459916643016,8.124905815354285,4,8,0.0
0.0817276372753627,-0.2652870750580678,84.1228026486938,160.49349820721875,4.121200946599488,5,8,0.0
0.1049829209335187,0.5411236957336517,86.02589755033516,121.53342694847603,4.793669826913179,6,8,0.0
0.0578478780995731,-1.506524477850757,81.80630705333293,206.1036800505159,7.352593078450896,7,8,0.0
0.0540017270757459,2.404088145177882,77.25048644845103,192.1927508694112,6.246976693488077,8,8,0.0
0.0550354484225451,3.587108563479531,76.3183172475924,163.81512301663878,5.306280285655528,9,8,0.0
0.0647782065205529,-0.7965433629790521,87.49373272265711,188.41356925726143,0.3745450785773367,10,8,0.0
0.0521665007138604,-1.3468523287205227,87.67005921617593,151.49246871545003,2.5192141852394574,11,8,0.0
0.1049829209335187,0.5411236957336517,86.02589755033516,121.53342694847603,4.793669826913179,12,8,0.0
0.0522174098417163,-0.9194778140666268,79.91108173382673,179.21180745749012,6.774577413973602,13,8,0.0
0.0554623347339599,1.3003438227582975,79.12261649097134,186.3921658781276,6.150542504150312,14,8,0.0
0.0623790708298618,3.453222355686913,80.34998524863946,223.32992558089128,5.746734902998515,15,8,0.0
0.0504328470652694,0.6259943040202954,85.57117431266573,181.27542781029103,3.987649801136097,16,8,0.0
0.0580330968145457,-0.548648279862204,88.55692818601953,164.4081890425385,3.533310689015144,17,8,0.0
0.0751290925173919,0.4655791331237641,87.76307701014316,142.36785133779475,3.893561948938492,18,8,0.0
0.0465869415838596,-0.3324311502824963,78.01585641432055,152.31993486446433,6.196561749496308,19,8,0.0
0.0528573774238454,0.4783450960870817,80.7196718360126,186.52165799369516,6.2168224562516885,20,8,0.0
0.0487267242722348,0.0734296390573733,85.72165272284721,196.6119388121283,5.945111285968396,21,8,0.0
0.0,-3.3434354357032605,92.00167717701106,206.5238219420467,5.611322519682907,22,8,0.0
0.0682378559047965,2.2024660323581635,89.5932742639184,154.07765834945823,4.3678018346628384,23,8,0.0
0.0532112848821021,3.979239225507381,89.15186501746848,164.531342758089,3.333980750182635,24,8,0.0
0.0571509513815296,-0.7511747604967667,84.01338278201706,177.8463022705635,4.308480847604423,25,8,0.0
0.0496061198578149,-1.6857559171431715,83.79317384507777,183.91511353572983,6.707170716260242,26,8,0.0
0.0590570970989846,-0.6503979936995075,87.37660910030488,186.5567591416056,5.474068776554765,27,8,0.0
0.0829217064012625,1.8696875533890125,86.7417746206605,172.6788941898455,5.7152170049319215,28,8,0.0
0.0,10.65,88.0,135.0,3.75,29,8,0.0
0.0913959987415098,-0.9147483558360194,89.86232078848705,204.5163699248088,1.884140415885067,30,8,0.0
0.0647782065205529,-0.7965433629790524,87.49373272265711,188.41356925726143,0.3745450785773366,31,8,0.0
0.0676325375638912,-0.1899686115823466,86.75076814601279,186.7365914247985,3.955645846083806,32,8,0.0
0.0738213713737307,0.0228613668014307,86.22034208112834,181.5649934414953,5.43975534077273,33,8,0.0
0.0951251216719541,0.0974824425422285,87.59565171276229,182.9293746156075,5.38098779581495,34,8,0.0
0.0673607067036816,2.925605410023805,88.04993678047745,173.78115968256543,4.182586304157985,35,8,0.0
0.0456979993707549,4.86762582208199,88.93116039424353,169.7581849624044,2.8170702079425336,36,8,0.0
0.0210063327386812,-6.203914121712766,72.44507277530609,215.7066459846876,7.819985419971927,1,9,0.0
0.0242759656499575,-3.0261587221680637,71.66184431098897,220.0331621676646,7.310425181549352,2,9,0.0
0.0278753125010798,-1.2238363319865533,71.52878233305185,168.5891681857386,4.568665766949263,3,9,0.0
0.0340628135606479,-3.352941176493755,71.66184431098897,220.0331621676646,7.310425181549352,4,9,0.0
0.0594624304060416,-4.138949942456507,75.90138337380908,157.08903774608802,5.276090949539454,5,9,0.0
0.0767100157963829,-3.0092985543212154,76.13185440130813,114.67587824739702,6.190497659140755,6,9,0.0
0.0210063327386812,-6.203914121712766,73.2283012396232,211.38012980171052,8.329545658394503,7,9,0.0
0.0272070963645661,-2.6530401443137857,72.11996050082725,192.6155652057,6.193663914542779,8,9,0.0
0.0239462517101114,-1.6507257128048702,72.48055253185588,161.47070663033958,5.090229577761772,9,9,0.0
0.0420915863679956,-5.2890922469518165,78.0755126944736,198.2049526890537,3.4643240644499453,10,9,0.0
0.0423381036634048,-5.248110414231781,77.50585106096656,137.85531737892777,3.2247101834164678,11,9,0.0
0.0767100157963829,-3.0092985543212154,76.13185440130813,114.67587824739702,6.190497659140755,12,9,0.0
0.0261639924263008,-5.436404955752799,70.3110640741404,176.5523653289251,7.397028770956224,13,9,16.2
0.0280686812677763,-3.514305008765356,71.20075069218825,179.0450241328091,6.388435126933306,14,9,0.0
0.036000488508392,-1.5336844107509515,71.70032208861629,201.6046592430466,5.669453388059008,15,9,0.0
0.0309320935772668,-3.891953314095549,77.32072810366832,176.5488170875557,4.59902339677519,16,9,0.0
0.0404711674082961,-4.635321663067739,79.17506968056918,162.178682979869,4.604991014794224,17,9,0.0
0.0534214168911616,-3.661507910639328,77.48485480767609,138.4529280272783,4.706915937496869,18,9,0.0
0.0313216521139204,-4.668895789792833,67.39382690865759,141.7246008561397,6.464511883517945,19,9,0.0
0.0294428244536645,-4.13549810741885,70.77415007896569,184.9031299669656,6.821170309990485,20,9,0.9
0.0237266055731475,-4.468267236365221,76.97135928475304,198.2209494594044,6.210220387962804,21,9,0.0
0.0,-6.902992336468888,85.34527128534403,197.3296781284564,5.439883197030566,22,9,0.0
0.0412161312136971,-2.7271147633649897,78.81685896075358,162.8275884555101,4.705539969933383,23,9,0.01
0.0206538531526361,-3.878207491863479,79.98074591858293,177.5681630637894,3.618362705837012,24,9,0.0
0.030686562803259,-5.214830596322637,73.63276144735275,186.29509244716323,5.652552851625609,25,9,3.8
0.0210063327386812,-6.203914121712766,73.2283012396232,211.38012980171052,8.329545658394503,26,9,0.0
0.0289165301005061,-5.117325776472896,78.02787583800031,195.98008847901616,5.782891342685503,27,9,0.0
0.0378996010455171,-3.232478076528277,77.61154252542862,182.569330664404,5.401999308367139,28,9,0.0
0.0273114688153365,-4.488341903509107,80.20783296817753,185.95719045584,4.693961333313398,29,9,0.0
9.15750915750916e-05,-5.029300220361967,81.14463287641226,192.3087376720687,2.531185441740641,30,9,0.0
0.0420915863679956,-5.2890922469518165,78.0755126944736,198.2049526890537,3.4643240644499453,31,9,0.0
0.0283266799924388,-4.697420226833133,75.83340494665654,193.87068644174892,4.351829800140046,32,9,700.94
0.0361456626256326,-4.670909136473897,76.19852697616437,195.6426910666561,5.868643379099238,33,9,0.0
0.0573500367258934,-4.549824120821413,78.12085919294913,194.75061735876096,5.391198749495264,34,9,0.0
0.0317804042876618,-4.27053413923722,78.95901153159667,189.8762285650779,4.441461166534348,35,9,0.0
9.15750915750916e-05,-5.029300220361967,81.14463287641226,192.3087376720687,2.531185441740641,36,9,0.0
0.0689642017260909,7.8417008728042195,54.44699038658217,209.81105042411417,8.315418950237287,1,10,0.0
0.0419993166096401,12.348498737277076,48.35593847508126,186.27521286117647,7.493969022281648,2,10,0.0
0.024310170867057,14.820304058388071,50.73121627568817,177.45996905742774,4.387741585983776,3,10,0.0
0.052233654924064,11.56096650759556,48.35593847508126,186.27521286117647,7.493969022281648,4,10,0.04
0.0714203035209327,9.783981150750195,60.14000180745315,163.45890867397594,6.227470489150344,5,10,0.01
0.0668901712451521,11.04792695582278,60.76494582672976,128.8525464051139,7.306151779108553,6,10,0.06
0.0689642017260909,7.8417008728042195,60.53804229808308,233.34688798705184,9.136868878192928,7,10,0.0
0.0378151162728589,12.929388554982074,51.88688833648517,195.37152957157383,6.725808065987178,8,10,2.14
0.0327235772357723,14.383491280638935,48.25510445204471,179.24270848695414,6.625769268217786,9,10,0.13
0.0782478632478632,8.847832748204318,65.3551035946804,198.2782345046935,5.590447781382181,10,10,0.01
0.0736530083455635,8.192237943150907,65.45907531404463,175.036003193782,3.4406320838707805,11,10,0.01
0.0668901712451521,11.04792695582278,60.76494582672976,128.8525464051139,7.306151779108553,12,10,0.0
0.0800937035412149,10.035503435779676,59.25387536657692,210.50112986238895,8.01605113102091,13,10,336.0
0.0596534406243865,11.832411919215009,55.51417414666082,202.25579350787604,7.331722847308055,14,10,0.0
0.0252625152625152,14.67205800809707,51.5541401815286,200.5328694652592,5.984691575259756,15,10,0.06
0.04349205302019,10.667746784764825,60.87286287838487,193.83242340749248,5.912548282338648,16,10,0.0
0.0539712793736009,9.199771675135144,65.23857569269313,182.41430177957105,6.0341961259325805,17,10,0.0
0.0638695112067138,10.743367586441826,62.88006508941306,161.0599687185608,5.5627838509595575,18,10,0.01
0.0898883374689826,8.117127361705677,63.25141385582505,189.35375918578404,6.371055561012811,19,10,0.0
0.0814285714285714,14.147682072829133,53.97216994582264,208.802742414331,8.540228953856992,20,10,0.0
0.0440758567599343,10.81772910461982,60.05306221614568,212.1914205415636,7.460785260728127,21,10,0.01
0.0,4.920922868145928,72.1975796005461,230.61336823747936,7.892181295402045,22,10,0.0
0.0510653540294259,12.98993786035179,62.41617412746479,179.29135655678652,5.94156768989934,23,10,6.33
0.0871331108456857,10.597163469114443,65.65273647342671,187.91951518389183,4.934578862584508,24,10,0.03
0.0763201152919625,9.763058561007762,61.31210783189815,208.8397779027476,6.974666939294376,25,10,68.14
0.0671866336908541,8.023437541043954,60.741518780700666,231.75195326941773,8.683935104400259,26,10,0.35
0.0551099328112935,9.811008051404784,62.73827472235155,213.6663702949261,7.178058666962798,27,10,0.01
0.046501563417731,12.324545032983009,61.7999025721304,189.2561693213306,6.202889374721583,28,10,0.0
0.0582922885632331,9.64200851030576,65.9562199143955,200.254071262816,6.0051356745737845,29,10,0.0
0.1232008676619455,8.204389077877103,68.88929881938864,196.5476738109972,3.927590035269676,30,10,0.0
0.0782478632478632,8.847832748204318,65.3551035946804,198.2782345046935,5.5904477813821805,31,10,0.01
0.0648491706235411,9.67921308125572,63.24033298246199,216.01220013951183,5.687667295819635,32,10,0.04
0.0623077563597974,9.949360841863411,62.564974696935145,210.64552777943655,6.658985438129438,33,10,0.3
0.0706936577070634,9.77024771217097,64.47814445244754,205.5617883874861,6.061449977576273,34,10,0.6
0.08013202959558,10.099727274343694,65.05578194798886,197.1218771732713,5.397309795855844,35,10,0.01
0.1232008676619455,8.204389077877103,68.88929881938864,196.5476738109972,3.927590035269676,36,10,0.01
0.0665960545478617,12.317987455046666,59.65727886236206,211.31250643964952,7.554599981512165,1,11,33.01
0.0554877568883593,16.739426943456845,53.23352628187958,199.5945191541976,7.705667096635161,2,11,0.13
0.0498168498168498,19.196794871794875,55.37042124542125,169.14102564102566,4.258470695970696,3,11,30.04
0.0839102854915189,15.856476117315236,53.23352628187958,199.5945191541976,7.705667096635161,4,11,0.04
0.0988244338431673,14.171585253605771,65.02963746822505,162.19991739454505,6.006960388667805,5,11,0.0
0.0797619047619047,15.580364960243006,64.24451666219959,129.59638836772984,7.265526445099616,6,11,0.0
0.0665960545478617,12.317987455046666,66.08103144284455,223.03049372510148,7.4035328663891695,7,11,0.02
0.0620578781008448,17.27198861305772,57.37592459957191,199.74376417445544,6.300724411104919,8,11,4.25
0.0500503663003662,18.70349850352899,54.17197634682391,197.51303660770125,6.058821249888323,9,11,0.18
0.0890948859475661,13.162770090601471,70.4130846587759,187.46150002101564,4.802297325226614,10,11,0.04
0.1466790399012935,12.362841003335603,73.01254307607059,164.75079106205217,2.995784631278014,11,11,0.0
0.0797619047619047,15.580364960243006,64.24451666219959,129.59638836772984,7.265526445099616,12,11,0.01
0.0859600553289285,13.129763832866866,65.13774587929859,208.99332661135415,6.63210207280954,13,11,0.0
0.0779397548050906,15.392492724797986,61.52157633312199,206.78655243720303,6.406451522991638,14,11,0.0
0.0817682417383016,18.869673621860347,58.02266768089026,209.43974574425133,6.077130146641247,15,11,1.0
0.0764974125465781,14.901984946217288,67.19709255307669,193.36806215314417,5.322835819046387,16,11,0.19
0.0813855544005411,13.48382050243148,71.04648559058911,176.5703957869285,5.413317992569674,17,11,0.0
0.1059442953517132,14.936654735112285,69.07317131690813,156.01255187341943,5.0916519216741065,18,11,0.0
0.0918498168498168,12.306181318681318,69.65567765567765,190.3902625152625,5.502136752136751,19,11,0.46
0.0994342945891069,14.765122724872615,59.67652853937357,213.55922359369853,6.990636599902702,20,11,0.08
0.0692025753179112,14.32362619114553,66.30650590680524,211.4524188097455,6.597159348388561,21,11,0.67
0.0,9.446368216219083,77.59982934344528,227.3528232933684,6.989336872599436,22,11,0.81
0.0913919413919413,16.86675824175824,69.9624542124542,173.6904761904762,5.013644688644689,23,11,0.28
0.1315961716068239,14.601618890932029,74.0573307206896,190.08398160949295,4.369210388774049,24,11,0.03
0.0910385213150869,13.22417891023539,67.42479056473823,204.002744542876,5.925371785592367,25,11,0.96
0.0665960545478617,12.317987455046666,66.08103144284455,223.03049372510148,7.4035328663891695,26,11,0.1
0.0913343323839987,13.303496326218664,69.765675648529,209.684089534297,6.213603181037978,27,11,0.12
0.0982142857142857,16.218978937728938,70.15247252747253,183.87980769230768,5.525160256410256,28,11,0.04
0.1073900867479176,13.67445451945638,73.93070496466312,199.2221080493333,5.3395230026355,29,11,0.39
0.1718004018217065,12.336479540105817,78.15220722892502,206.47748702850976,3.7247760889034094,30,11,0.0
0.0890948859475661,13.162770090601471,70.4130846587759,187.46150002101564,4.802297325226613,31,11,0.04
0.1082175546410832,13.568832961974875,71.29763052701949,205.57224285930172,4.9282553843066,32,11,0.67
0.1121429249287213,13.902371754055071,70.3294240020888,204.2981225796788,5.825411403431433,33,11,0.03
0.1755438048116546,13.503687661469808,73.78656151101862,204.70994604200425,5.444697106619707,34,11,0.09
0.1485194974492156,14.019715379768186,74.03041375580538,198.35574692094056,4.898211150644458,35,11,12.04
0.1718004018217065,12.336479540105817,78.15220722892502,206.47748702850976,3.7247760889034094,36,11,0.02
0.0421839188215528,-2.3263530032010444,75.71242039983748,200.2371731019275,6.998634173239118,1,12,0.0
0.03685303873453,1.0660905458746688,69.95797903368786,212.8567193658304,7.810647752915626,2,12,0.0
0.0261398601398601,2.958657176157176,74.08927405927406,141.9373976023976,4.056366133866135,3,12,0.0
0.0385434203424308,0.3329669325083623,69.95797903368786,212.8567193658304,7.810647752915626,4,12,0.0
0.0612148352469017,-1.086546813641768,79.80446468302186,157.98675968782695,4.990821626131652,5,12,0.0
0.0795304284999605,-0.076715171887735,80.21218365370609,123.87055861572054,5.081804809314325,6,12,0.0
0.0421839188215528,-2.3263530032010444,81.4668617659871,187.61762683802465,6.18662059356261,7,12,0.0
0.0402554132985303,1.4658997494102373,75.99407656831332,189.3745182087167,5.903198507266248,8,12,0.0
0.0422353372421771,2.5659674646678754,74.9485185547087,189.24914443741395,6.2977083734778665,9,12,0.0
0.0471175901034157,-1.6502646394474885,83.35005152104374,173.7960129908677,4.466765165577001,10,12,0.0
0.0386808938842702,-2.542492271344113,85.28992555296554,155.5399488509956,2.51308559353698,11,12,0.0
0.0795304284999605,-0.076715171887735,80.21218365370609,123.87055861572054,5.081804809314325,12,12,0.0
0.0533065860089337,-1.018562875413391,79.40385065052317,177.31683866256424,5.753519707290394,13,12,0.0
0.0505235264519019,0.4351212396889289,78.53356398683744,187.2822726450047,5.74458343557161,14,12,0.0
0.0504625369905313,2.6653273600169425,79.50774942790889,215.21170279991685,5.164649682509002,15,12,0.0
0.0412475060348454,-0.3454513785490243,84.08767059645972,184.4652411759328,4.728330208091625,16,12,0.0
0.0468635180952649,-1.47614365357334,86.05638784996935,165.2402316867973,4.397885600375442,17,12,0.0
0.0624000001243029,-0.4782124488872505,84.52751348070096,144.66284203824492,3.514219378373012,18,12,0.0
0.0479070929070929,-1.122399766899767,79.88329004329005,156.01346653346656,5.448796703296702,19,12,0.0
0.0698287462981555,0.3930641438606381,76.86140014229237,188.31942261620156,5.625141825011871,20,12,0.0
0.0458114573384648,-0.5282173277779559,82.99332030932631,194.6541335905647,6.017828831648402,21,12,0.0
0.0,-4.2958162817574586,93.34934728670022,218.41661932838403,6.980004701181173,22,12,0.0
0.068988677988678,1.1845700965700967,88.08043123543123,154.57801864801866,2.947767732267732,23,12,0.0
0.0715090328588459,-0.3482440089770137,88.25459730478218,178.8819933203184,2.3921240804872506,24,12,0.0
0.0515001672921056,-1.1893581527160464,81.28875007656737,178.02707497746047,5.1120887890429,25,12,0.0
0.0421839188215528,-2.3263530032010444,81.4668617659871,187.61762683802465,6.18662059356261,26,12,0.0
0.0475058010470887,-1.2580947626293837,84.1445946931371,185.1212105938704,5.536721119803488,27,12,0.0
0.0665820845820845,0.922691142191142,83.78124292374294,163.70529637029637,6.132727355977356,28,12,0.0
0.0531153437100409,-1.0141860472994706,87.63327078997675,181.63307096817817,4.471938560690925,29,12,0.0
0.0740293877290138,-1.881058114524124,88.42876337413311,203.18596799261812,1.8364804287067689,30,12,0.0
0.0471175901034157,-1.6502646394474885,83.35005152104374,173.7960129908677,4.466765165577001,31,12,0.0
0.0504634883303109,-1.2408374978925705,84.88214691022361,184.38884590874187,3.833119657766317,32,12,0.0
0.0538015149960942,-0.9114541094698704,83.66420518245748,175.99780540465915,5.1537950481569705,33,12,0.0
0.0559765682504284,-1.0013170789770094,84.52656912987626,168.2794525015737,4.462712585321599,34,12,0.0
0.0655293468538422,-0.6532280171033304,85.57885847591744,178.3902389548294,4.143973456668575,35,12,0.0
0.0740293877290138,-1.881058114524124,88.42876337413311,203.18596799261812,1.8364804287067689,36,12,0.0
0.0472517938554191,-4.679612811841116,70.1301076395011,212.71490455861525,8.06501442605944,1,13,0.0
0.0412799404810365,-0.7896776235784451,64.82833736736774,209.97612193644883,8.081609024767886,2,13,0.0
0.0361358467088969,1.5335825144920885,68.28064137679334,154.98856608285567,4.883503908557231,3,13,0.01
0.0361261204584934,-1.535793911483536,64.82833736736774,209.97612193644883,8.081609024767886,4,13,0.0
0.0450176443431449,-2.9997433056266747,75.35080230466806,160.1671879637193,5.50035412025977,5,13,0.0
0.0560770615631482,-1.7726088177333874,76.22650028069732,118.93403278170396,5.664400657950323,6,13,0.0
0.0472517938554191,-4.679612811841116,75.43187791163447,215.45368718078169,8.048419827350994,7,13,0.0
0.0422986171505731,-0.4626350916137261,69.32606441356162,195.45869237057013,6.518520300379133,8,13,0.0
0.0404521808787937,0.7769974266136919,67.30465403116256,193.05405086374145,6.089071025297893,9,13,0.01
0.0679164542462832,-3.803282854486217,78.95481785437279,190.6204478736281,5.195713539823736,10,13,0.0
0.0,-4.650472732553707,80.51785574020518,162.37130444511155,2.895646720806582,11,13,0.0
0.0560770615631482,-1.7726088177333874,76.22650028069732,118.93403278170396,5.664400657950323,12,13,0.0
0.0394934917163229,-4.022275197851173,72.32253911197677,199.1384167342161,6.828925007614505,13,13,0.0
0.040857460637389,-2.15426713253188,71.01141654958857,198.8580673710825,6.413168752812615,14,13,0.0
0.0453546471591828,0.5184925042804307,70.78481138085007,203.8210357890229,5.48999771592166,15,13,0.0
0.0332787766154429,-2.559657674524246,78.44956865309001,187.1096075644338,4.288829455207118,16,13,0.0
0.0339885786435658,-3.685208959154597,81.76688935744497,168.94331830310844,3.963661729594696,17,13,0.0
0.0340088129905153,-2.490395131154976,78.70484532184825,144.77041476980284,4.287225992033705,18,13,0.0
0.0405588277369035,-3.8180813244435616,74.64646201336804,176.28665360355384,6.611809936320995,19,13,0.0
0.030669853556646,-3.5691314572688437,66.88927741092776,205.6749094183127,5.826545259171528,20,13,0.0
0.0307481380309004,-3.268636206507856,76.53522713728721,202.2599900205424,5.527011256185223,21,13,0.0
0.0,-7.151576547821841,93.76509296730733,219.78489933250543,1.760917132048625,22,13,0.0
0.0459493774083977,-1.0481038431778322,79.37017994464223,153.00590708259307,4.301630597344211,23,13,0.0
0.0229746887041988,-2.022697270597999,87.35620215631033,178.12719505466694,3.511922866450123,24,13,0.0
0.0416060579491733,-3.869487067348993,74.57021927266695,198.54830767013817,6.0669831646012815,25,13,0.0
0.0472517938554191,-4.679612811841116,75.43187791163447,215.45368718078169,8.048419827350994,26,13,0.03
0.0330181676751536,-3.921011086153245,77.73612075761515,198.53877149410417,5.506752500499441,27,13,0.0
0.0304643955832542,-1.4613527198879082,75.80507601571648,166.5654183820893,6.509176346433308,28,13,0.0
0.0289006751393278,-3.169077980060057,84.37586247254353,184.33051644009,4.307393677807042,29,13,0.0
0.0,-2.997290698018166,95.34222436797842,203.2484830267408,2.722215135556035,30,13,0.0
0.0679164542462832,-3.8032828544862176,78.95481785437279,190.6204478736281,5.195713539823736,31,13,0.0
0.0216333603506149,-3.4773268887052216,76.92866117303166,204.70584027441456,4.652427260339156,32,13,0.0
0.0418597881235689,-3.2013396279571964,76.44058854186397,191.4432050534517,6.363263152944121,33,13,0.0
0.0680896027049873,-3.187066091394539,77.59673906707329,179.04787437652138,6.24302917765303,34,13,0.0
0.0328513327627471,-2.5485698364335376,82.91467981692273,182.95392526178384,5.158140219880791,35,13,0.0
0.0,-2.997290698018166,95.34222436797842,203.2484830267408,2.722215135556035,36,13,0.0
0.1175243215565796,9.003539426523297,78.21306963645674,213.43970814132103,5.230875576036866,1,14,0.03
0.0803634913638846,10.167288322609032,54.73435220199024,191.3518044373453,7.670951287975827,2,14,0.03
0.0661172161172161,12.975732600732602,56.8209706959707,173.33287545787545,5.7566391941391934,3,14,0.0
0.0893305194711059,9.887198133759023,54.73435220199024,191.3518044373453,7.670951287975827,4,14,0.0
0.0936587783654193,8.455596972512012,63.82878372226803,165.77497630908178,6.539649873911321,5,14,0.0
0.0736707902875567,9.875717246825031,63.59395768901756,135.65810412142747,7.902361211642648,6,14,0.0
0.0739010989010988,6.187774725274726,64.94368131868131,227.05769230769235,9.614056776556778,7,14,0.0
0.0752431740434887,10.681880108636676,60.61181823045314,199.60054311114925,6.939332741961138,8,14,0.03
0.063911328880644,12.502106537905506,52.418084613868935,187.9861966376797,6.527072518157064,9,14,0.0
0.1160297966228274,7.362436912881505,68.55727374193755,189.88269304103292,5.409297270017096,10,14,0.0
0.1112637362637362,6.708516483516484,68.6643772893773,176.32417582417585,3.813278388278388,11,14,0.0
0.0736707902875567,9.875717246825031,63.59395768901756,135.65810412142747,7.902361211642648,12,14,0.0
0.1011933706909783,6.846905476133486,65.56992579048155,209.0276783955013,7.431781061432332,13,14,0.0
0.0844506691430967,9.156614043810643,61.1337225802129,203.90084270183308,7.131763360271032,14,14,0.0
0.0547619047619047,12.740247252747254,56.540750915750905,204.4349816849817,6.8364010989011,15,14,0.0
0.0703448710497292,8.931238462780538,65.33607202994456,195.1078570313014,5.927621552509386,16,14,0.0
0.0754133565886766,7.6441588465710995,69.33031086781301,182.77681359731488,6.020923381928159,17,14,0.0
0.0870123287735185,9.210325455864348,66.36170769598999,163.19612376084595,6.114999708934396,18,14,0.0
0.1188644688644688,6.547985347985348,68.04532967032966,190.5746336996337,6.125595238095237,19,14,0.0
0.1108145443073672,7.804956355140382,63.72076638243367,209.4507091791781,6.555691169644979,20,14,0.05
0.064708696407261,8.114901910140208,66.06251408234753,211.71276088345468,7.194306732097495,21,14,0.0
0.0,3.2273809523809525,79.00915750915752,234.41300366300368,6.350320512820513,22,14,6.3
0.0761024597692626,11.046742637251524,66.82678810957513,177.60609133693455,6.629359526882151,23,14,1.08
0.1149285192619206,8.922776080530523,71.59677317566668,187.72818303110463,5.205384891646204,24,14,0.0
0.0959319252044539,7.196065214370579,66.3644428383987,205.6236660061252,6.715787191382255,25,14,3.63
0.0739010989010988,6.187774725274726,64.94368131868131,227.05769230769235,9.614056776556776,26,14,0.0
0.0764169373785395,7.31948062441224,68.03297694924619,208.98989859472456,6.865681539390788,27,14,0.0
0.084065934065934,10.614150265157727,66.09821428571428,183.2074175824176,6.615064102564103,28,14,10.8
0.088718660452021,7.9385064193096895,71.23435945341686,196.3469508681195,5.912163114167639,29,14,0.0
0.1537545787545787,6.798809523809523,76.36675824175823,197.85027472527477,3.781410256410256,30,14,0.0
0.1160297966228274,7.362436912881505,68.55727374193755,189.88269304103292,5.409297270017095,31,14,7.25
0.060049717326507,8.077172730570934,66.55516307861133,211.1526018030889,5.874295502597183,32,14,15.0
0.0869217699909674,8.221136609738027,66.36698445097151,202.51891968154143,7.072019388469808,33,14,0.0
0.1296703296703296,8.005448717948719,67.87087912087911,188.65796703296704,6.184661172161172,34,14,0.0
0.1224969474969475,8.472802835638655,70.11195054945055,189.9052197802198,5.527045177045177,35,14,0.0
0.1537545787545787,6.798809523809523,76.36675824175823,197.85027472527477,3.781410256410256,36,14,0.0
0.0267222257400361,10.832713198709795,66.24279463770037,167.76406485953368,5.303439870326984,1,15,19.2
0.0217374502573551,16.15397955603452,45.167665223884114,190.1427034773975,7.652681314193231,2,15,3.75
0.0158623984710941,20.1889375453584,46.988162351837175,172.47118352878576,5.549956477393993,3,15,45.0
0.0286982527889128,17.116466553399626,45.167665223884114,190.1427034773975,7.652681314193231,4,15,1.23
0.033208769773238,15.611510425455537,54.70190712151471,160.5728951818988,6.439983030795574,5,15,0.0
0.0277711419015766,17.042619282672977,53.56960834259158,125.22002798580849,7.9072164673984995,6,15,0.0
0.0227273594235322,13.678141948305967,56.46745722601621,221.3273593758493,8.280625287885767,7,15,0.03
0.0201357300136169,16.94838016292377,51.30399121852158,191.4716627289564,6.619472761276716,8,15,0.72
0.0216378173947582,19.916125531763917,44.85072990205039,194.38642911018837,6.228842065751928,9,15,9.0
0.0370415701308593,14.11471091907105,62.25209150089507,191.204248515602,4.871135774192794,10,15,0.33
0.0402512251589396,14.246092217405144,58.950562197611184,171.07746794487747,3.8616651307948473,11,15,1.83
0.0277711419015766,17.042619282672977,53.56960834259158,125.22002798580849,7.9072164673984995,12,15,6.15
0.0332607664609371,14.36555495628556,57.97077581069664,211.0342601711005,6.911144623217592,13,15,0.0
0.0270297931632467,16.62775459822027,53.37403906075631,206.04548912909468,6.73271349750262,14,15,1.65
0.0137288490386641,20.125982590480767,48.10713796964123,202.7382360219837,6.701291552108396,15,15,81.05
0.0255395639596325,16.18594245488759,57.15922173303384,193.9699537873603,5.664707863204118,16,15,5.97
0.0291283718451899,14.823233177950764,60.7134141738206,178.38301711555965,5.793066005752577,17,15,0.0
0.0362000963650301,16.27553156006872,58.20079380568782,156.1018561778961,5.97223616127972,18,15,0.0
0.0398454397402504,13.487687696828653,61.45878735570179,195.04402604174692,5.541644318748106,19,15,11.81
0.0372095002190286,15.930835223722058,55.98608285037192,216.73139509570512,6.911164263018904,20,15,0.3
0.0225704043006328,15.55543687441939,58.48066790347311,213.09792540154544,6.759404701797266,21,15,0.78
0.0,11.174860290476612,66.71259795114449,232.4052685285081,6.177485770730933,22,15,0.26
0.0405779220345739,17.53788318012804,62.08221087686071,172.00807260300232,6.147826885645813,23,15,0.33
0.0810331815773463,15.171803599273662,69.34125347696403,148.99999576997286,4.250808426809329,24,15,0.0
0.0353034119845092,14.330292486942934,60.41968113630414,207.0404931541122,6.195551310200612,25,15,0.03
0.0227273594235322,13.678141948305967,56.46745722601621,221.3273593758493,8.280625287885767,26,15,2.53
0.0348001308093291,14.44394447400859,62.72821192876871,209.8021367524798,6.435063326269183,27,15,0.0
0.039186312821939,16.867364319111562,65.13006352019168,192.28736798568076,5.726456635242327,28,15,0.93
0.0542474195918462,14.591642044756778,67.33285034032329,181.57172416832253,5.30940407063432,29,15,0.0
0.1214884411201188,12.805724018419284,76.60029607706734,125.9919189369434,2.353789967972846,30,15,0.3
0.0370415701308593,14.114710919071047,62.25209150089507,191.204248515602,4.871135774192794,31,15,0.03
0.0396931904088755,14.440086646786948,65.93398674853573,210.8954367416576,5.373186907157485,32,15,2.57
0.0428978211592366,14.88949283246322,63.417647692773954,202.4190392226664,6.380432480966315,33,15,0.03
0.0699844219825995,14.572378415648398,66.13908327635221,185.16599278747805,6.1414610935796805,34,15,5.4
0.0768863919748858,14.748488917726414,69.28981429120374,167.81509323670073,4.740569232264951,35,15,0.03
0.1214884411201188,12.805724018419284,76.60029607706734,125.9919189369434,2.353789967972846,36,15,15.8
0.0529304029304029,-2.008745421245421,81.09615384615384,157.5581501831502,5.583241758241758,1,16,0.03
0.0492310708253822,1.0163519115614923,73.02930235749353,211.37620758019887,8.036971754694845,2,16,0.0
0.0453675067447522,3.808631089469413,78.495470597267,142.212753065298,4.529236581781492,3,16,0.0
0.0556427311748466,1.5914263245491482,73.02930235749353,211.37620758019887,8.036971754694845,4,16,0.0
0.0491481323068149,2.8558781247029743,79.43904155973765,141.2359388366125,4.578002328675982,5,16,0.0
0.0840264525893268,0.525276918690092,85.9318259086223,132.64978011010945,5.239570858283433,6,16,0.0
0.043040293040293,-1.322847985347985,81.57005494505496,196.3443223443224,7.658928571428571,7,16,0.0
0.0523518896273387,1.527651126318791,78.95315202481662,184.48361493053764,6.220169338130671,8,16,0.0
0.0555860805860805,3.588369963369964,76.61950549450549,188.42399267399267,5.790018315018315,9,16,0.0
0.0708068739327023,-0.8866637284661252,85.9696421227426,176.43149098854337,4.358944383442419,10,16,0.0
0.057305062303883,-1.4090838263304837,87.71337848356377,156.1349046016364,2.8653841964620157,11,16,0.0
0.0840264525893268,0.525276918690092,85.9318259086223,132.64978011010945,5.239570858283433,12,16,0.0
0.0510261727626997,-0.1362932327153884,80.07234716381424,189.22894794825936,5.695709395395024,13,16,0.0
0.0546999527418689,1.3504676501143569,79.94899437887463,193.4194200510069,5.719953109764488,14,16,0.0
0.0648351648351648,3.5728479853479858,82.9084249084249,210.9862637362637,5.722619047619047,15,16,0.0
0.0528142491067936,0.5700791426780242,86.0406002527517,184.392568141981,4.838785370508513,16,16,0.0
0.0560981403617686,-0.6430932347919426,88.52949940444043,167.91898651034785,4.551929143739431,17,16,0.0
0.069894609292047,0.3372342758520782,87.6895772417269,146.08263252281228,4.163822068099528,18,16,0.0
0.0541258741258741,-0.2182634032634031,80.51055611055611,172.29720279720283,6.162863802863803,19,16,0.0
0.0559123511219319,1.1322316904652232,78.13643043583164,199.04531870325283,3.265335811892698,20,16,1.2
0.04920265630999,0.3570734638958431,84.72591444893939,199.89684118783225,5.879064453292597,21,16,0.0
0.0,-3.340505273049822,93.609123174279,224.91554399475905,5.909235130956147,22,16,0.03
0.0683523129829312,1.8955097351966264,89.42352733299455,149.46321285669097,4.3865111495531375,23,16,0.0
0.0928612855632604,0.4206932396827475,63.9408029573182,170.60885817378494,3.372224485840201,24,16,0.0
0.050437063409311,-0.0373728284895192,82.90066708632965,185.29367722629317,5.188292807739559,25,16,0.0
0.043040293040293,-1.322847985347985,81.57005494505496,196.3443223443224,7.658928571428571,26,16,0.0
0.0479502824760295,-0.101667611964449,86.0496963507597,188.44928418909555,5.639797345292906,27,16,0.0
0.0822254725525605,1.743640902063814,87.40553878110642,168.19275716056322,6.839203704566517,28,16,0.0
0.0692343393989438,-0.1373364363406262,79.23132936416903,178.83474582728476,5.0327154382092525,29,16,0.0
0.1173702581435895,-1.054123255831131,38.45807858164184,191.7545034908789,2.357937822127265,30,16,0.0
0.0708068739327023,-0.8866637284661252,85.9696421227426,176.43149098854337,4.358944383442419,31,16,0.0
0.0282999248257537,1.1086792841646942,88.31665181746288,182.35005129814428,4.495391469070306,32,16,0.0
0.0579473359335613,0.3995669776994762,86.1381561236119,176.68371060914038,6.166053282227147,33,16,0.0
0.078223653315638,0.0687957099173819,87.26037895082337,159.8477116335316,5.670689383843197,34,16,0.0
0.0926064613372626,0.2527711187166881,71.04133210452387,173.2649907616579,4.955943636845659,35,16,0.0
0.1173702581435895,-1.054123255831131,38.45807858164184,191.7545034908789,2.357937822127265,36,16,0.0
0.0307037308482693,-5.767424680763521,73.52275687352086,152.1102110859751,6.383365534939974,1,17,0.0
0.023343738593443,-1.944017307678544,63.33725857594674,202.77357229736631,8.963460614101841,2,17,0.03
0.0205507824546854,1.7592369676111828,67.11775664215062,158.05693600882438,5.077764552319959,3,17,0.0
0.022429012299529,-0.6771026507913298,63.33725857594674,202.77357229736631,8.963460614101841,4,17,0.0
0.0205507824546854,1.7592369676111828,67.11775664215062,158.05693600882438,5.077764552319959,5,17,0.0
0.0681037115843237,-1.949756006160976,75.98537839389775,135.71956334771704,6.147871381221382,6,17,0.0
0.0215294685354565,-4.839056502379856,74.82489142593934,209.7180858064092,8.124795189840102,7,17,0.0
0.0294198747334107,-1.3624971367045684,69.2620513249629,185.70084820917137,6.712004402929183,8,17,0.0
0.0205909725353605,1.0711749848180196,66.19498605666317,184.82917706165173,5.8531871254827,9,17,0.0
0.0504525240529136,-3.6495323896097647,75.15969239860013,184.9861826723886,5.278475889476178,10,17,0.0
0.0,-4.32562978438727,79.94758559803469,165.59610997784648,3.640185288763133,11,17,0.0
0.0681037115843237,-1.949756006160976,75.98537839389775,135.71956334771704,6.147871381221382,12,17,0.0
0.0310118828497733,-3.4000361087701463,70.95496382009802,193.64009715024253,7.018895378183128,13,17,0.0
0.0334702080755924,-1.6330699588602176,69.92690717850276,194.4933151014362,6.555865332184522,14,17,0.0
0.0537244192932815,0.9635835471913315,70.5746583755566,206.7171069948016,5.869453400890527,15,17,0.0
0.0281447016552247,-2.225559033976463,77.0462667419772,185.42697806746165,5.069126888737384,16,17,0.0
0.032531305937406,-3.4675737484058216,80.29866688270825,171.34702953920674,4.967998437454492,17,17,0.0
0.0374013352113721,-2.244594844415187,77.63347077349464,151.03090132190877,5.0366338084874345,18,17,0.0
0.0405047048759623,-3.689615549121537,71.63251518940143,168.05058838367222,6.664572777521879,19,17,0.0
0.031001475137901,-1.671436274809047,66.40748484495327,203.15161726064625,6.267318167187406,20,17,0.0
0.0303783462719551,-2.636520297357189,75.70160323804532,203.67614141313152,6.366887178138862,21,17,200.0
0.0,-6.954551819173782,93.43322969445724,218.65626105791864,4.451614872333977,22,17,0.0
0.0441002940497926,-0.4583987426973143,76.96744832855144,151.7770306401628,5.32184475547779,23,17,0.0
0.0220501470248963,-2.2334118964158214,62.17906973686681,178.00781345673806,4.276843688284861,24,17,0.0
0.0286976345204467,-3.574644178935221,73.09388716576163,192.31738142403643,6.306242381822188,25,17,0.0
0.0215294685354565,-4.839056502379856,74.82489142593934,209.7180858064092,8.124795189840102,26,17,9.3
0.0244573339189115,-3.461674758851538,76.82648798875984,194.7475132918668,6.217681409932527,27,17,0.0
0.0456363683931365,-0.6811404376145942,73.26775184932009,180.13763594588207,7.1212542604422975,28,17,0.0
0.0276626707779808,-2.940559877999213,73.32796783309723,183.19011412011108,5.2543225188104,29,17,0.0
0.0,-4.008425050134329,47.39069114518217,204.23859627331333,3.231842621091931,30,17,0.0
0.0504525240529136,-3.649532389609764,75.15969239860013,184.9861826723886,5.278475889476178,31,17,48.6
0.0,-4.023580178755899,77.44485196991393,195.6804329970661,5.196049885085376,32,17,44.0
0.028935632093892,-3.036015114781599,75.27955334828715,186.66930035815895,6.646788855018444,33,17,4.2
0.0485766914469749,-2.6002833403760466,75.5807181479752,161.14104668327852,6.145056084706001,34,17,0.0
0.0314043532800371,-2.4299496093749897,65.41305371415915,181.8390929674913,5.499384322080076,35,17,0.0
0.0,-4.008425050134329,47.39069114518217,204.23859627331333,3.231842621091931,36,17,0.0
0.029902316378761,6.072819683604738,64.63214113475976,174.20740856778232,5.973012762076407,1,18,0.0
0.0211766811045937,11.339947545620642,43.68126350351549,189.04593331713664,7.916527514023825,2,18,8.32
0.0229299016834683,15.536113361498709,45.57224077700233,176.32818583563292,5.806990968951583,3,18,4.34
0.0369334904728662,12.985281512533431,43.68126350351549,189.04593331713664,7.916527514023825,4,18,0.0
0.0229299016834683,15.536113361498709,45.57224077700233,176.32818583563292,5.806990968951583,5,18,0.1
0.0363978715414398,11.998545990627138,53.92087201792861,128.85647558902022,7.966990360211501,6,18,0.02
0.0194045038338379,8.474849935579861,54.95245910525292,219.02037404272815,9.938499270187638,7,18,0.0
0.0190208402145951,12.20993798670095,49.15926055078552,192.0499705798546,7.083900433597953,8,18,2.45
0.0124700025223075,15.276007201799269,41.63585656829909,190.37268618726543,6.442132512106462,9,18,0.22
0.0406316149876973,9.468205670633075,60.21486628996679,196.117532983108,5.788255655881773,10,18,2403.4
0.0857060314873896,9.109967967237404,57.871154383384905,176.37597480517647,4.159790347197186,11,18,0.0
0.0363978715414398,11.998545990627138,53.92087201792861,128.85647558902022,7.966990360211501,12,18,0.0
0.0210119887923108,9.619025874060746,53.460972926197165,210.99278264159048,8.100658477996008,13,18,1000.02
0.0171806891107682,11.964596915000737,49.30007551255484,205.3352539281238,7.434069504067257,14,18,0.0
0.0103974766546009,15.689899751022184,44.48160221588356,203.32523552858208,6.426239574241799,15,18,0.45
0.0301242414117274,11.509643237443738,54.17039317590751,194.3780465354981,6.002638822683589,16,18,0.74
0.0388551681669791,10.018099692493625,58.56515445783822,180.28536661723223,6.222890241992955,17,18,0.02
0.0512147419490662,11.581117775843126,55.54065857042307,161.5636731206495,6.488963223217287,18,18,84.08
0.0236708881461262,8.915861160645134,56.19529804946088,195.0153523856613,6.378137298075902,19,18,112.0
0.0199605743969683,11.46636652595724,49.23516162387772,218.9426214963821,7.985338865724488,20,18,0.0
0.015128917769854,10.92099285456117,53.62137524749511,211.95305984855213,7.350657277872448,21,18,8.0
0.0,5.878939464305664,65.9889302879551,220.61828074110468,5.859305884431146,22,18,22.6
0.0315403228183691,13.634839369664832,54.829949309955694,179.45856896775183,7.340108962243173,23,18,0.02
0.0760464739801352,11.08858938944256,57.792690186360176,191.74383240896185,5.795091531198983,24,18,0.0
0.0272183223658699,9.69874773343562,55.40976718805602,207.6967483854748,7.224436119634795,25,18,116.81
0.0194045038338379,8.47484993557986,54.95245910525292,219.02037404272815,9.93849927018764,26,18,2.36
0.0236242019172794,9.884154866435727,56.324404416225526,206.74350542710943,7.154235172128023,27,18,0.82
0.0258820339638628,13.0949085959409,53.44872300450624,197.85878743396364,6.543902794777162,28,18,0.02
0.0444098101536841,10.27448722831992,58.578627053844215,195.31956816439512,6.11196129018996,29,18,0.8
0.1205526251419012,8.54233940922029,60.75543106276466,204.0290958501719,4.250074100154792,30,18,0.2
0.0406316149876973,9.468205670633075,60.21486628996679,196.117532983108,5.788255655881773,31,18,14.41
0.03242403046472,10.168455374362797,56.451050871721804,209.3878610194945,6.03194950830417,32,18,6.5
0.030446159276677,10.489905802087868,55.680583646380086,200.22503258129248,7.2701915706531235,33,18,3.62
0.0440740688442874,10.221409302467912,57.87010160403939,174.63310782898358,6.566414709343524,34,18,1.6
0.0635029093166838,10.619552435876368,57.3580852237701,192.17366370437307,5.786797201425159,35,18,0.0
0.1205526251419012,8.54233940922029,60.75543106276466,204.0290958501719,4.250074100154792,36,18,0.0
0.0481892910494743,11.233076539891588,66.76915924688868,197.89838199627383,5.191744007018114,1,19,0.0
0.0280395438337239,16.798720319806986,44.504729644378656,193.41902322262365,7.821456762101376,2,19,1.86
0.0201039203203549,20.959944338757403,45.66060901790831,167.6097359245359,5.421857495939624,3,19,0.58
0.0335023530750636,18.142661596020982,44.504729644378656,193.41902322262365,7.821456762101376,4,19,4.26
0.0201039203203549,20.959944338757403,45.66060901790831,167.6097359245359,5.421857495939624,5,19,368.2
0.0601277923869159,17.25399403848891,55.856665319489856,124.31179265169528,7.386547424936608,6,19,0.02
0.0270149687350841,14.345611628299718,55.15353403636109,223.99133459343105,9.415253155597524,7,19,1742.0
0.0263004603714872,17.615628724760413,50.62286530350327,196.14875552829017,6.625069209267949,8,19,1959.42
0.0168499952299822,20.656248772279223,43.97407028839923,191.9288326428769,5.7373342166944585,9,19,7.34
0.0421151945233901,14.650852779173787,61.230584292580176,190.94450309808508,5.153475720405416,10,19,0.0
0.068338734981236,13.486317751137094,62.04009879196311,166.39812692028767,3.816216409537364,11,19,10161.02
0.0601277923869159,17.25399403848891,55.856665319489856,124.31179265169528,7.386547424936608,12,19,0.0
0.0390812432693456,15.177625268803196,54.81501608310498,216.21572539459729,7.689044899581098,13,19,135.4
0.030687570312112,17.41447738465259,51.21884162495958,208.52424672333368,6.99344770673887,14,19,0.22
0.0193441265225407,20.88326234457412,47.67508958708368,202.04522478999968,6.162769618256595,15,19,89.36
0.0311937228965045,16.64120964364029,56.34921587044235,193.35367992746183,5.44324110059024,16,19,0.0
0.042219201602684,15.112348156695466,60.46056013333221,178.09196295671796,5.629178038705399,17,19,0.06
0.0563269378300099,16.402683706732063,58.875978380436926,155.4116573560991,5.990109296604271,18,19,57.26
0.0533960378449038,14.29166617474787,58.92107100634351,201.8316499754016,5.953032356340261,19,19,166684.6
0.0368327232280489,16.895598003362004,50.37044320661035,222.8241916149593,7.698849186805512,20,19,0.0
0.0227972530626864,16.35508072235792,55.011452863535695,215.8479036057309,6.8444723084716,21,19,0.22
0.0,11.702836884107354,64.44428123277008,233.2803396172073,5.022086583308762,22,19,73.36
0.0405142861218778,18.467739330570183,58.73117102985781,175.52505249631437,6.767564055338844,23,19,0.0
0.0529216181894303,16.190244105964823,63.62966170028591,195.2904442504636,5.302023674067646,24,19,0.02
0.042453083459983,15.163959585459386,57.21948421037432,211.19007892313948,6.746201097622792,25,19,46.47
0.0270149687350841,14.345611628299718,55.15353403636109,223.99133459343105,9.415253155597524,26,19,18.52
0.0345159209222892,15.337920107631378,57.97238931993888,212.22626145012472,6.573371516955684,27,19,2.46
0.0307944468277585,17.94809475144639,57.41391625485326,197.0984274130572,5.923402998389605,28,19,0.4
0.039236915396195,15.50614597686853,61.82957871345142,200.15284313189292,5.483955807700223,29,19,10723.7
0.0653289502569828,13.912748881359464,68.528152370714,215.0558360046128,3.836483292796448,30,19,6454.22
0.0421151945233901,14.650852779173787,61.230584292580176,190.94450309808508,5.153475720405416,31,19,1982.6
0.052906492968488,15.636069341713547,60.42178850997651,216.3587153338204,5.510395068965244,32,19,48.57
0.0425657005764216,15.85727143957973,58.254902870063205,204.3132593671454,6.679823332904957,33,19,0.83
0.0595468937743558,15.499310036859258,60.030372679061934,179.80456012827315,5.870242108667454,34,19,4998.95
0.0518900969530324,15.78671788988837,61.99081376820973,197.3196078486477,5.210042799951169,35,19,11.49
0.0653289502569828,13.912748881359464,68.528152370714,215.0558360046128,3.836483292796448,36,19,2360.6
0.070610427496655,-3.740783816981422,79.63923252396306,182.27305573547727,5.829295625616239,1,20,0.0
0.0671529315007221,-0.5573809783000574,70.66074586561022,216.8644457124201,9.206927565496573,2,20,0.0
0.0444589243092237,2.907618773442127,75.51251911760895,145.90417013126591,4.854548460521515,3,20,0.0
0.0625980754076391,0.4363403049809542,70.66074586561022,216.8644457124201,9.206927565496573,4,20,0.0
0.0444589243092237,2.907618773442127,75.51251911760895,145.90417013126591,4.854548460521515,5,20,0.0
0.0985522002706909,-0.550328524071941,82.82551545020883,136.76160199130405,4.978303719162785,6,20,0.0
0.0905503653641524,-3.513131315765681,83.36213080405793,187.9687764647601,7.169873279439513,7,20,0.0
0.0689410287126743,0.0090549681879683,76.97516545795533,185.29066529666088,6.281052375515739,8,20,0.0
0.0629920088328572,2.116772446104746,75.20576442771811,170.0613715968037,5.127035819794278,9,20,0.0
0.0689602301695189,-2.6883735549023178,87.34168381001572,176.70941503581273,4.916055475793142,10,20,6.2
0.092120289417372,-3.061934913181911,84.59460217284871,158.17652984886814,3.2429773599363854,11,20,0.0
0.0985522002706909,-0.550328524071941,82.82551545020883,136.76160199130405,4.978303719162785,12,20,0.0
0.0694184403732953,-1.2518724214377046,78.658030714752,184.4496679243668,7.116237104603839,13,20,0.0
0.0694681495026453,0.1271907871863408,77.73009131614955,186.41650950182844,6.394876127166422,14,20,0.0
0.0760934175604834,2.274798754140072,77.47060000877366,208.672172139238,5.498633502226316,15,20,0.0
0.0665520531227859,-1.041677400205956,84.25526153858138,179.07850633876862,5.027476764425543,16,20,0.0
0.0717558185228132,-2.2383928251104988,87.13614404904106,166.4998192575748,4.90349899673909,17,20,0.0
0.0966062874815157,-1.0085534784300068,84.70184045736926,148.2211180345436,4.451727184599534,18,20,0.0
0.0630253778157969,0.6358869274438138,79.55434876999247,164.83103662804265,6.612878820281514,19,20,0.36
0.0546795779399364,-0.8783728759912461,73.05761257020558,200.5491906802977,7.56595921409049,20,20,0.0
0.0647749750473453,-1.4735854988602193,82.04626514493059,197.6044936059365,6.659491163452356,21,20,0.0
0.0,-5.477930135360155,94.23351506308182,211.12632714843053,6.24625795410371,22,20,0.0
0.0991463727564842,0.5866030019638313,86.68540374905025,149.72522226345862,5.133900474699431,23,20,0.0
0.1284730458675252,-1.0537896982560442,88.82621289101988,177.8481512226054,3.99637069109336,24,20,0.0
0.072759841549001,-1.7647587828151017,81.95831049074249,183.3405425674013,6.130769095170111,25,20,0.0
0.0905503653641524,-3.513131315765681,83.36213080405793,187.9687764647601,7.169873279439513,26,20,0.0
0.0776179218824704,-2.251348967288296,83.46562782029879,186.01672716138924,6.353067322066717,27,20,0.0
0.1025515143721547,0.2267080786759145,82.1074672785339,179.70600159695624,6.816731867401746,28,20,0.0
0.0981680046540367,-1.7688731827249715,87.11013456602561,179.32688084807904,5.397246826962223,29,20,0.0
0.1577997189785661,-2.6941823984759194,90.96702203298948,205.9710801817522,2.858840907487289,30,20,0.0
0.0689602301695189,-2.6883735549023178,87.34168381001572,176.70941503581273,4.916055475793142,31,20,0.0
0.0865836564556005,-2.379803094860076,86.47577649944085,186.6442940280931,4.3890786862458935,32,20,0.0
0.1027569883387215,-1.787947698094593,83.37565982212632,176.10621128490178,6.076546691051524,33,20,0.0
0.1313424171629783,-1.48556446042853,81.55726470647262,150.10577304979768,5.930502931118945,34,20,0.0
0.130564550171233,-1.3176795934095116,84.877251339332,178.59428494283534,5.202025235335994,35,20,0.0
0.1577997189785661,-2.6941823984759194,90.96702203298948,205.9710801817522,2.858840907487289,36,20,0.0
0.0537489390545235,-3.732129901687309,73.81912245146592,197.13799931789552,5.40459931784782,1,21,0.0
0.041544445535518,-1.316274109701565,68.21637918682629,198.59882689445732,7.736923755174208,2,21,0.0
0.0287310877528268,1.121084162301293,72.39102590328183,153.83443880871795,4.652756863244366,3,21,0.0
0.0308157523890951,-0.753869127983942,68.21637918682629,198.59882689445732,7.736923755174208,4,21,0.0
0.0287310877528268,1.121084162301293,72.39102590328183,153.83443880871795,4.652756863244366,5,21,0.0
0.0632822297133891,-1.9705650522317188,76.05168838810144,132.8687781656079,5.328731316321896,6,21,0.0
0.0505929615777539,-3.492707332642096,73.73459054618027,203.56464068734704,9.258197993423828,7,21,0.0
0.0416015921543824,-0.8893199884382545,72.07927004710002,187.40937074123883,6.4335170158333845,8,21,0.0
0.0331047937569676,0.8386566332218508,69.86326743908265,166.64997710622714,6.014916089345437,9,21,0.0
0.0582170873881489,-3.096737865410109,80.41231344014076,186.88805774909252,5.073720670620025,10,21,0.0
0.0052947052947052,-3.7534327323340375,80.47598260559397,164.7540708887248,3.30158759767078,11,21,0.0
0.0632822297133891,-1.9705650522317188,76.05168838810144,132.8687781656079,5.328731316321896,12,21,0.0
0.0478238449997106,-2.0549395315181624,71.16970123078029,202.1295426821122,7.400251660140623,13,21,0.0
0.0436813014771879,-0.9015330929435296,71.56472117743735,195.54178935707037,6.749875829146392,14,21,0.0
0.0418301786298401,0.8184964966149878,74.4512347557632,204.67034163278797,5.5337080759646495,15,21,0.0
0.0314159077643928,-1.995053316294083,80.5790283791841,187.37734756212345,4.779190646660487,16,21,0.0
0.0353685407825876,-3.119607615966611,83.04227129367204,177.16250895986667,4.491050206194946,17,21,0.0
0.0395418721749298,-2.225735918366893,80.48200671972621,153.6118941779609,4.402642438461052,18,21,0.0
0.0534399781857934,-1.1895196907035177,70.07959385789212,181.4122794580874,6.130307098075863,19,21,0.0
0.0394385952355845,-1.482591571208874,69.69491928826847,221.41170790090223,6.812249888922178,20,21,0.0
0.03682180838685,-2.207504647290002,78.04410170737924,208.8419873370264,6.565613034996285,21,21,0.0
0.0,-5.824092459322267,93.35302286904076,238.08880451635827,4.173603044971546,22,21,0.0
0.050048681516695,-0.9532099705349234,84.91834916548326,163.21283347954994,4.5776084013904805,23,21,0.0
0.0250243407583475,-2.1514666032857823,86.33123883424429,180.5348922430693,3.6092242774649543,24,21,0.0
0.045102864356392,-2.3807550566893525,74.98967648388228,198.52168132412544,6.4033787818773575,25,21,0.0
0.0505929615777539,-3.492707332642096,73.73459054618027,203.56464068734704,9.258197993423828,26,21,0.0
0.040476623628963,-2.8723216332729757,79.57919631775502,200.5537422390393,6.231612612237574,27,21,0.0
0.0522473064910713,-1.0566283698917616,78.98674107764352,176.47444194773652,7.050306171699223,28,21,0.0
0.035810233416491,-2.783869055775257,85.13623609072803,188.01683370138545,4.759051617532892,29,21,0.0
0.0,-3.3497232360366413,87.74412850300533,197.8569510065887,2.640840153539429,30,21,0.0
0.0582170873881489,-3.096737865410109,80.41231344014076,186.88805774909252,5.073720670620024,31,21,0.02
0.0238256993946794,-2.642218823482166,81.02696528692971,199.33172082519803,4.742418258344895,32,21,0.0
0.0508552866345484,-2.4818114422766784,78.60680893730522,185.95548525424385,6.600955684882931,33,21,0.0
0.0767551790746887,-2.735691243090689,80.67893883846736,164.45113755669374,5.352900316063777,34,21,0.0
0.04300082852192,-2.3806809496730312,82.46993613970541,179.59417683700633,5.014682213767476,35,21,0.0
0.0,-3.3497232360366413,87.74412850300533,197.8569510065887,2.640840153539429,36,21,0.0
0.0132182112444332,1.5782270054283003,61.27362191115708,163.49879919121588,7.53415688488888,1,22,0.0
0.0201373788072978,6.115041644751964,54.65412647497273,181.72201522858825,7.985114901931872,2,22,0.0
0.0277417840123986,10.151846463860252,49.73897024341344,169.6653423523472,6.533731609562087,3,22,0.0
0.0667232446043251,7.636031887187412,54.65412647497273,181.72201522858825,7.985114901931872,4,22,0.0
0.0277417840123986,10.151846463860252,49.73897024341344,169.6653423523472,6.533731609562087,5,22,59.5
0.0669326273631334,6.358791677697451,57.086660014255166,144.22534012150837,7.7717783389335775,6,22,0.0
0.0214887578350925,3.052713531046666,59.43129237625137,192.27133630322848,9.45132616809832,7,22,0.0
0.0208000261601222,6.955238667448834,53.557569936865264,180.5027591469656,7.527710374683481,8,22,0.02
0.0181007621372668,9.677379578672634,47.20480433167085,188.6832863647548,6.856261888538207,9,22,0.0
0.0459952218537321,4.421207413199629,62.43878306587241,182.3362080929853,6.074407056017478,10,22,0.0
0.2140366710058295,3.77787951634429,61.532470488019285,169.95771968694305,4.188573128681577,11,22,0.0
0.0669326273631334,6.358791677697451,57.086660014255166,144.22534012150837,7.7717783389335775,12,22,0.0
0.0314068601153963,4.350944982132712,56.62303604621864,186.8384655833789,8.378978504246883,13,22,0.0
0.027154391610975,6.609248256661417,53.22330335081058,187.27489171131012,7.759773639272074,14,22,0.0
0.0234506155714196,10.316026758236315,49.04260428372609,187.17577544165903,6.80567079508152,15,22,0.0
0.0559517284401697,6.1242976627265575,58.80256862326427,181.7100816504785,6.041932646337648,16,22,0.0
0.072218324059093,4.62223426342957,62.73093262768875,171.72535364359308,6.072288306667948,17,22,0.0
0.1050321328139111,6.222116067507737,59.08864740981604,160.5205539644188,6.568964448654185,18,22,0.0
0.0383002209456387,3.828439518630943,58.457283021208966,171.65405112622187,6.891586926955474,19,22,0.0
0.0344316015654575,6.1716818967205285,51.9805327411956,196.5900093206864,8.79402241768685,20,22,0.14
0.0222804210052718,5.531746871497501,57.90110224353858,190.5452000194328,7.416676288716017,21,22,0.0
0.0,0.0236157014250057,73.94993784312328,194.7288982317236,4.5801411313597145,22,22,0.0
0.0341271000727703,8.529677008481471,58.64681172717364,167.37860208480507,7.746541878347399,23,22,0.0
0.0203422385609753,6.289683201561656,62.28206418144634,177.94693570034997,5.972186990068734,24,22,0.0
0.032722478338178,4.596080495692844,57.819736889318506,185.74743658795407,7.43470587352297,25,22,0.2
0.0214887578350925,3.052713531046666,59.43129237625137,192.27133630322848,9.45132616809832,26,22,0.53
0.0311945613507361,4.759575358396908,58.95372055599051,183.38045298826887,7.223397832487861,27,22,0.5
0.0320311300543893,8.094696470058988,55.10114397339656,181.9599807998663,7.452220931353682,28,22,0.0
0.0297069792669696,5.281212601374221,62.01676666786492,176.28593312195,6.215445118084547,29,22,0.0
0.0065573770491803,4.04968939464184,65.91731663571903,188.51526931589484,4.19783210179007,30,22,0.0
0.0459952218537321,4.421207413199629,62.43878306587241,182.3362080929853,6.074407056017478,31,22,0.04
0.0233965894909691,5.506360118866459,56.79079324206417,185.8855780966484,5.96218679885673,32,22,0.01
0.0381839416347398,5.590538638058979,56.94796318790604,177.24095259430084,7.49155586147015,33,22,0.2
0.0758192891585081,5.708384432263801,56.46862315991207,148.8469151774602,7.10048954757187,34,22,18.8
0.0381359320873592,5.950923432321543,59.16236125634256,173.1073884310738,6.250180860238541,35,22,0.0
0.0065573770491803,4.04968939464184,65.91731663571903,188.51526931589484,4.19783210179007,36,22,0.0
0.0518643936660845,12.72552537065316,65.55806850059925,174.8422494177259,5.045398043827943,1,23,0.11
0.0377558532113696,18.163694832021477,44.89398124499629,194.38990443604072,7.513106141431272,2,23,1.17
0.0580002391361301,21.874857998819397,47.59450008435621,173.3092070418323,5.468251223355558,3,23,0.53
0.0490447219356568,19.631808567129493,44.89398124499629,194.38990443604072,7.513106141431272,4,23,0.17
0.0580002391361301,21.874857998819397,47.59450008435621,173.3092070418323,5.468251223355558,5,23,1.87
0.0627675981864508,18.30811435839286,57.44559262535888,140.22173970209326,7.797636242453139,6,23,7.1
0.0289869308296297,16.0675605591563,52.26428548454218,194.435790982494,8.982362838967104,7,23,0.01
0.0319656919203844,19.020993591379167,49.731119563209376,188.85554175734387,6.5654662503860886,8,23,8.54
0.0121718492136339,21.986835399457043,43.167794455930206,203.13818669565663,5.978703298612209,9,23,3.17
0.0763616370451205,15.826375596687049,63.796474334821774,198.6489079863972,4.734437759782261,10,23,0.2
0.0406896451472693,16.59611584186459,53.49917269510198,167.0725647264235,4.168751732586654,11,23,0.23
0.0627675981864508,18.30811435839286,57.44559262535888,140.22173970209326,7.797636242453139,12,23,3.22
0.0391503327547978,16.95333267184171,52.05855858963249,198.4260735383003,7.315123671897923,13,23,0.02
0.0276855788468942,19.05940440875842,48.85031156673197,198.28686385617425,6.865810054085685,14,23,0.0
0.0088050467564439,22.45018862880994,44.90808760883216,193.01791197031372,6.404975956122447,15,23,0.02
0.0304927637796556,18.41249095021584,53.749992486500666,191.55787425653216,4.857741891790479,16,23,4.61
0.0449494569788613,16.86920720628418,58.373933095920094,178.68257731506316,4.912081667692272,17,23,1.01
0.0494618826163953,18.172128794017613,56.56100180234637,160.79512235919904,6.105284461373192,18,23,0.16
0.0617701001252322,16.041558387660096,54.47270526782144,177.44694591180385,5.684479891800027,19,23,0.15
0.0266939673095315,18.750879068708745,49.43868501653383,223.395483720603,7.278528284926638,20,23,0.01
0.0181660554140855,18.17800148039084,52.06672039236695,204.2036884558293,5.975920925212862,21,23,0.01
0.0,14.00327405268099,58.39018573773961,212.3786115113213,1.510117194559522,22,23,3.03
0.0449284045154659,19.612156181795395,58.73824008657822,175.09106264908044,6.349465409079782,23,23,0.02
0.041946074907471,17.713214114262474,60.68237278497101,194.8109217789225,5.244262290290029,24,23,0.16
0.049497976024615,16.772820354376847,55.75011182780703,199.1621299215396,6.387247861115688,25,23,0.15
0.0289869308296297,16.0675605591563,52.26428548454218,194.435790982494,8.982362838967104,26,23,0.04
0.029055530165044,17.186876440214068,55.422748048509085,203.40986339611197,5.799067634411803,27,23,0.0
0.0263443321748227,19.61810509259822,55.33235811418696,197.7906440944144,5.7036203514886,28,23,0.02
0.0297734375704968,17.310303816454454,58.68397086492092,198.073245645004,4.753121746610946,29,23,61.1
0.038963745299476,15.81427204672955,62.6265054833638,214.53078090876457,4.139059171500277,30,23,647.5
0.0763616370451205,15.826375596687049,63.796474334821774,198.6489079863972,4.73443775978226,31,23,0.09
0.0536772448135609,17.17772815967204,58.77840903531597,201.8835210063997,5.2564305301024055,32,23,0.78
0.0369098034201832,17.591776379973666,56.17690438419528,196.17127128618688,6.501440081746165,33,23,0.02
0.0386307058627195,17.503711708468106,58.332564902736,190.57512906143933,6.06334660642655,34,23,0.22
0.0346462611123394,17.64536294926529,58.76380950009559,200.96551802153945,5.302008709805143,35,23,0.66
0.038963745299476,15.81427204672955,62.6265054833638,214.53078090876457,4.139059171500277,36,23,2.98
0.0418098288094186,-4.674402378623565,76.8517373913344,165.33338909347418,5.011983126594488,1,24,0.0
0.0342436588185629,-1.1772444248386564,68.14409480465547,219.2637861875109,8.172819959992152,2,24,0.04
0.0390026973851401,2.0840654430868493,70.8082312523662,160.92723044454982,4.967043706964306,3,24,0.17
0.0350176226470169,-0.2060257189652205,68.14409480465547,219.2637861875109,8.172819959992152,4,24,6.7
0.0390026973851401,2.0840654430868493,70.8082312523662,160.92723044454982,4.967043706964306,5,24,0.0
0.0658492594362159,-1.2623838389870996,81.3080685618729,144.81368848542758,5.439648530817009,6,24,0.0
0.0176527923095066,-3.2464955177596204,75.29557804949592,191.7882709922164,7.788944088039092,7,24,8.65
0.0376417257530955,-0.6570512622104004,72.59430766675246,187.6856700671658,6.112261724916382,8,24,0.01
0.0385093167701863,1.1278547539417108,71.87577639751552,191.46153846153845,4.955805064500717,9,24,5.85
0.035066473839864,-3.266978811983284,83.14589605496319,189.6702867303308,4.321258002110712,10,24,0.0
0.0235069278547539,-3.0591354229582284,78.27418739313734,145.75636368007162,3.4204986973649816,11,24,0.0
0.0658492594362159,-1.2623838389870996,81.3080685618729,144.81368848542758,5.439648530817009,12,24,0.0
0.0314874175192348,-2.521215732758088,74.19251357525933,187.6019597697344,6.508121411595455,13,24,0.0
0.0368411125638233,-1.002414211205986,73.40874904568814,190.3214445988893,6.051428740538923,14,24,38.0
0.051233993491226,1.4237213883026234,72.5904281051472,197.33980522370487,5.776974403407534,15,24,0.0
0.0323124049017001,-1.4184897116769593,79.39766432687527,186.50770054507743,4.353480877281378,16,24,0.1
0.0339960757170009,-2.4649796502586376,82.64557000409236,175.01170961412978,4.165550865319405,17,24,0.0
0.0449713015817134,-1.5225420909278202,80.94445057093311,150.57470936509674,4.559347939858955,18,24,0.0
0.0367331581462016,-2.6640984830387,73.20338031533683,146.3510152890588,5.5120705924510265,19,24,0.0
0.0400763021019961,-1.6530531974759433,74.07858236094526,224.66659302792797,6.223349554296245,20,24,0.0
0.0311985284401784,-1.7455781925160356,77.67592015680955,207.0011223386633,5.687607361993599,21,24,0.0
0.0,-4.490293166526444,87.24860225269926,233.6641332450279,2.8284525049094444,22,24,0.0
0.0455577174541705,-0.2461070108381322,83.25109575778912,161.15407592979102,4.817896591394876,23,24,0.0
0.0447183594437599,-1.6784084713542262,84.81610253354128,175.41321017925597,3.5080859770088244,24,24,0.7
0.0331299606985964,-2.6780008911334456,76.9144465412281,190.49624218742755,5.56840066389551,25,24,0.0
0.0176527923095066,-3.2464955177596204,75.29557804949592,191.7882709922164,7.788944088039092,26,24,0.24
0.028198655654597,-2.5004546192835275,79.27066677081122,201.4277068598574,5.224396219965016,27,24,0.0
0.0470295542981635,-0.7617704691207935,79.16641001576009,187.5468092044392,5.820316259315678,28,24,0.29
0.032955696261637,-2.180123499552875,83.40664987122187,188.5865505199817,4.070774909778387,29,24,0.0
0.0438790014333492,-3.1107099318703204,86.38110930929345,189.6723444287209,2.198275362622774,30,24,0.0
0.035066473839864,-3.266978811983284,83.14589605496319,189.6702867303308,4.321258002110712,31,24,0.0
0.0361210770954136,-2.559378445409678,78.84879592539929,200.0050448976036,3.996381082580471,32,24,0.0
0.0322789079563965,-2.214845337924695,78.57420400280569,187.5588787215472,5.5736438151461005,33,24,0.0
0.028312208122502,-2.2917369194086867,80.98603202056744,170.89538979192957,4.6889338306491615,34,24,0.0
0.0397402546180049,-2.054739106799933,82.17785044854033,182.7048478083632,4.235841817529205,35,24,0.0
0.0438790014333492,-3.1107099318703204,86.38110930929345,189.6723444287209,2.198275362622774,36,24,0.0
